symbol,name,date,open,high,low,close
DOGE,Dogecoin,2013-12-15,0.000559,0.000904,0.00029,0.000298
DOGE,Dogecoin,2013-12-16,0.000299,0.000866,0.00015,0.000205
DOGE,Dogecoin,2013-12-17,0.000207,0.000289,0.000116,0.000269
DOGE,Dogecoin,2013-12-18,0.000267,0.000362,0.000205,0.000362
DOGE,Dogecoin,2013-12-19,0.000395,0.00152,0.000328,0.001162
DOGE,Dogecoin,2013-12-20,0.001143,0.001143,0.000662,0.000704
DOGE,Dogecoin,2013-12-21,0.0007,0.0007,0.000354,0.000394
DOGE,Dogecoin,2013-12-22,0.000391,0.000498,0.00028,0.000315
DOGE,Dogecoin,2013-12-23,0.000313,0.00046,0.000294,0.000451
DOGE,Dogecoin,2013-12-24,0.00045,0.000913,0.00045,0.000686
DOGE,Dogecoin,2013-12-25,0.000686,0.000694,0.000558,0.000587
DOGE,Dogecoin,2013-12-26,0.000588,0.000706,0.000543,0.000602
DOGE,Dogecoin,2013-12-27,0.000603,0.000628,0.000497,0.000522
DOGE,Dogecoin,2013-12-28,0.000524,0.00054,0.000458,0.000459
DOGE,Dogecoin,2013-12-29,0.000459,0.000492,0.000399,0.000454
DOGE,Dogecoin,2013-12-30,0.000452,0.000459,0.000416,0.000416
DOGE,Dogecoin,2013-12-31,0.000418,0.000466,0.000408,0.000422
DOGE,Dogecoin,2014-01-01,0.000423,0.000451,0.000423,0.00044
DOGE,Dogecoin,2014-01-02,0.000449,0.000449,0.000331,0.000353
DOGE,Dogecoin,2014-01-03,0.000353,0.000376,0.000293,0.000303
DOGE,Dogecoin,2014-01-04,0.000305,0.000321,0.000256,0.000301
DOGE,Dogecoin,2014-01-05,0.0003,0.000312,0.000247,0.000271
DOGE,Dogecoin,2014-01-06,0.000271,0.00029,0.000226,0.000255
DOGE,Dogecoin,2014-01-07,0.000255,0.000284,0.00022,0.000225
DOGE,Dogecoin,2014-01-08,0.000223,0.000238,0.000203,0.000228
DOGE,Dogecoin,2014-01-09,0.000227,0.000269,0.000212,0.000246
DOGE,Dogecoin,2014-01-10,0.000246,0.000374,0.000241,0.000373
DOGE,Dogecoin,2014-01-11,0.000373,0.000509,0.000334,0.000356
DOGE,Dogecoin,2014-01-12,0.000359,0.000375,0.000323,0.000345
DOGE,Dogecoin,2014-01-13,0.000344,0.000344,0.00026,0.000278
DOGE,Dogecoin,2014-01-14,0.000278,0.000354,0.000276,0.000342
DOGE,Dogecoin,2014-01-15,0.000342,0.000441,0.000341,0.000413
DOGE,Dogecoin,2014-01-16,0.000413,0.000431,0.00037,0.000384
DOGE,Dogecoin,2014-01-17,0.000384,0.000422,0.000376,0.000415
DOGE,Dogecoin,2014-01-18,0.000416,0.000646,0.000416,0.000588
DOGE,Dogecoin,2014-01-19,0.000588,0.000753,0.000578,0.000697
DOGE,Dogecoin,2014-01-20,0.000697,0.001341,0.000685,0.001253
DOGE,Dogecoin,2014-01-21,0.001252,0.002335,0.001252,0.001814
DOGE,Dogecoin,2014-01-22,0.001977,0.002038,0.001365,0.001497
DOGE,Dogecoin,2014-01-23,0.001496,0.001922,0.001496,0.0018
DOGE,Dogecoin,2014-01-24,0.001801,0.001908,0.001631,0.001785
DOGE,Dogecoin,2014-01-25,0.001784,0.001909,0.00175,0.001844
DOGE,Dogecoin,2014-01-26,0.001844,0.00187,0.001498,0.001594
DOGE,Dogecoin,2014-01-27,0.001592,0.001675,0.001219,0.001219
DOGE,Dogecoin,2014-01-28,0.001223,0.001403,0.001223,0.001357
DOGE,Dogecoin,2014-01-29,0.001353,0.001602,0.001346,0.001602
DOGE,Dogecoin,2014-01-30,0.001602,0.001603,0.001444,0.001523
DOGE,Dogecoin,2014-01-31,0.001522,0.00156,0.001509,0.00156
DOGE,Dogecoin,2014-02-01,0.001558,0.001572,0.001457,0.001457
DOGE,Dogecoin,2014-02-02,0.001449,0.001496,0.001089,0.001279
DOGE,Dogecoin,2014-02-03,0.001277,0.001363,0.001227,0.001269
DOGE,Dogecoin,2014-02-04,0.001269,0.001289,0.001122,0.001161
DOGE,Dogecoin,2014-02-05,0.001163,0.001326,0.001162,0.001302
DOGE,Dogecoin,2014-02-06,0.001308,0.001374,0.001279,0.001306
DOGE,Dogecoin,2014-02-07,0.001308,0.001308,0.001046,0.001124
DOGE,Dogecoin,2014-02-08,0.001105,0.001158,0.001058,0.001081
DOGE,Dogecoin,2014-02-09,0.001077,0.001291,0.001056,0.001291
DOGE,Dogecoin,2014-02-10,0.001287,0.001507,0.001079,0.001414
DOGE,Dogecoin,2014-02-11,0.001414,0.001831,0.001385,0.001812
DOGE,Dogecoin,2014-02-12,0.001817,0.001944,0.001747,0.001818
DOGE,Dogecoin,2014-02-13,0.001817,0.001862,0.001572,0.001572
DOGE,Dogecoin,2014-02-14,0.001565,0.001674,0.001459,0.001584
DOGE,Dogecoin,2014-02-15,0.001575,0.001605,0.00137,0.001522
DOGE,Dogecoin,2014-02-16,0.001517,0.001527,0.001366,0.001413
DOGE,Dogecoin,2014-02-17,0.00141,0.001482,0.001333,0.001343
DOGE,Dogecoin,2014-02-18,0.001346,0.001426,0.00131,0.001426
DOGE,Dogecoin,2014-02-19,0.001424,0.001429,0.001344,0.001344
DOGE,Dogecoin,2014-02-20,0.001345,0.001358,0.001212,0.001212
DOGE,Dogecoin,2014-02-21,0.001212,0.001266,0.00113,0.001208
DOGE,Dogecoin,2014-02-22,0.001208,0.00129,0.001193,0.001278
DOGE,Dogecoin,2014-02-23,0.00128,0.001299,0.001173,0.001185
DOGE,Dogecoin,2014-02-24,0.001176,0.001202,0.001058,0.001075
DOGE,Dogecoin,2014-02-25,0.001051,0.001082,0.000823,0.000989
DOGE,Dogecoin,2014-02-26,0.000986,0.001196,0.000984,0.001186
DOGE,Dogecoin,2014-02-27,0.001193,0.001219,0.001122,0.001159
DOGE,Dogecoin,2014-02-28,0.001163,0.001163,0.001066,0.001071
DOGE,Dogecoin,2014-03-01,0.001072,0.001089,0.001041,0.001057
DOGE,Dogecoin,2014-03-02,0.001058,0.001059,0.000953,0.000953
DOGE,Dogecoin,2014-03-03,0.000956,0.001118,0.000907,0.0011
DOGE,Dogecoin,2014-03-04,0.001099,0.001106,0.001011,0.001044
DOGE,Dogecoin,2014-03-05,0.001042,0.001433,0.001009,0.001059
DOGE,Dogecoin,2014-03-06,0.001058,0.001073,0.001,0.001012
DOGE,Dogecoin,2014-03-07,0.001011,0.001021,0.000921,0.000928
DOGE,Dogecoin,2014-03-08,0.000927,0.000936,0.000833,0.000833
DOGE,Dogecoin,2014-03-09,0.000831,0.000882,0.000821,0.000871
DOGE,Dogecoin,2014-03-10,0.000871,0.000884,0.000778,0.000778
DOGE,Dogecoin,2014-03-11,0.00078,0.000803,0.000665,0.000767
DOGE,Dogecoin,2014-03-12,0.000766,0.00097,0.000747,0.000906
DOGE,Dogecoin,2014-03-13,0.000906,0.000929,0.000849,0.000868
DOGE,Dogecoin,2014-03-14,0.000868,0.00089,0.000856,0.000867
DOGE,Dogecoin,2014-03-15,0.000867,0.000873,0.000835,0.00084
DOGE,Dogecoin,2014-03-16,0.000841,0.000848,0.000819,0.000826
DOGE,Dogecoin,2014-03-17,0.000822,0.000822,0.000757,0.000779
DOGE,Dogecoin,2014-03-18,0.000779,0.000779,0.000757,0.000767
DOGE,Dogecoin,2014-03-19,0.000766,0.000808,0.000766,0.000772
DOGE,Dogecoin,2014-03-20,0.000772,0.000774,0.000721,0.000723
DOGE,Dogecoin,2014-03-21,0.000723,0.00075,0.000643,0.000689
DOGE,Dogecoin,2014-03-22,0.000689,0.000704,0.00068,0.000686
DOGE,Dogecoin,2014-03-23,0.000686,0.000745,0.000672,0.000744
DOGE,Dogecoin,2014-03-24,0.000746,0.000759,0.0007,0.000743
DOGE,Dogecoin,2014-03-25,0.000746,0.000748,0.000644,0.000653
DOGE,Dogecoin,2014-03-26,0.000653,0.000659,0.000637,0.000639
DOGE,Dogecoin,2014-03-27,0.000639,0.00064,0.000467,0.000467
DOGE,Dogecoin,2014-03-28,0.000453,0.000564,0.000443,0.000519
DOGE,Dogecoin,2014-03-29,0.000525,0.000627,0.000521,0.000588
DOGE,Dogecoin,2014-03-30,0.000588,0.000588,0.00052,0.00053
DOGE,Dogecoin,2014-03-31,0.000531,0.000571,0.000496,0.000505
DOGE,Dogecoin,2014-04-01,0.000506,0.000554,0.000502,0.000537
DOGE,Dogecoin,2014-04-02,0.000536,0.000547,0.000421,0.000429
DOGE,Dogecoin,2014-04-03,0.000429,0.000449,0.000385,0.000448
DOGE,Dogecoin,2014-04-04,0.00045,0.000486,0.000431,0.000446
DOGE,Dogecoin,2014-04-05,0.000447,0.00047,0.000436,0.00047
DOGE,Dogecoin,2014-04-06,0.000467,0.00048,0.000453,0.00046
DOGE,Dogecoin,2014-04-07,0.000462,0.000471,0.000449,0.000458
DOGE,Dogecoin,2014-04-08,0.000456,0.000464,0.000443,0.000451
DOGE,Dogecoin,2014-04-09,0.00045,0.000457,0.000437,0.000441
DOGE,Dogecoin,2014-04-10,0.000441,0.000445,0.000347,0.000347
DOGE,Dogecoin,2014-04-11,0.000347,0.00044,0.000341,0.00044
DOGE,Dogecoin,2014-04-12,0.000441,0.000448,0.000417,0.00042
DOGE,Dogecoin,2014-04-13,0.00042,0.000426,0.000376,0.000389
DOGE,Dogecoin,2014-04-14,0.000388,0.000465,0.000384,0.000461
DOGE,Dogecoin,2014-04-15,0.000461,0.000588,0.000457,0.000587
DOGE,Dogecoin,2014-04-16,0.000592,0.000803,0.00059,0.000708
DOGE,Dogecoin,2014-04-17,0.00071,0.000747,0.000617,0.000643
DOGE,Dogecoin,2014-04-18,0.000644,0.000654,0.000594,0.000617
DOGE,Dogecoin,2014-04-19,0.000613,0.000651,0.000602,0.000646
DOGE,Dogecoin,2014-04-20,0.000646,0.000664,0.000626,0.000629
DOGE,Dogecoin,2014-04-21,0.000629,0.000646,0.000614,0.000621
DOGE,Dogecoin,2014-04-22,0.000621,0.000626,0.000588,0.000588
DOGE,Dogecoin,2014-04-23,0.000588,0.000591,0.000551,0.00057
DOGE,Dogecoin,2014-04-24,0.000568,0.000589,0.000551,0.000586
DOGE,Dogecoin,2014-04-25,0.000587,0.000588,0.000446,0.000476
DOGE,Dogecoin,2014-04-26,0.000476,0.000484,0.000461,0.000472
DOGE,Dogecoin,2014-04-27,0.000471,0.000474,0.000437,0.00044
DOGE,Dogecoin,2014-04-28,0.000437,0.0005,0.000429,0.000481
DOGE,Dogecoin,2014-04-29,0.000483,0.000503,0.000478,0.000495
DOGE,Dogecoin,2014-04-30,0.000495,0.000519,0.000471,0.000501
DOGE,Dogecoin,2014-05-01,0.000501,0.000512,0.000497,0.000504
DOGE,Dogecoin,2014-05-02,0.000504,0.000505,0.000478,0.000482
DOGE,Dogecoin,2014-05-03,0.000482,0.000483,0.000457,0.000462
DOGE,Dogecoin,2014-05-04,0.000463,0.000473,0.000452,0.000468
DOGE,Dogecoin,2014-05-05,0.000468,0.00047,0.000421,0.000454
DOGE,Dogecoin,2014-05-06,0.000454,0.000467,0.000443,0.000457
DOGE,Dogecoin,2014-05-07,0.000457,0.00048,0.000457,0.000473
DOGE,Dogecoin,2014-05-08,0.000472,0.000479,0.000467,0.000471
DOGE,Dogecoin,2014-05-09,0.000471,0.000497,0.000468,0.000494
DOGE,Dogecoin,2014-05-10,0.000495,0.0005,0.000472,0.000478
DOGE,Dogecoin,2014-05-11,0.000478,0.000479,0.000451,0.000456
DOGE,Dogecoin,2014-05-12,0.000457,0.00046,0.000452,0.000454
DOGE,Dogecoin,2014-05-13,0.000453,0.000486,0.000448,0.000449
DOGE,Dogecoin,2014-05-14,0.000449,0.000459,0.000449,0.000456
DOGE,Dogecoin,2014-05-15,0.000456,0.000462,0.000449,0.000455
DOGE,Dogecoin,2014-05-16,0.000452,0.000455,0.000446,0.000451
DOGE,Dogecoin,2014-05-17,0.000452,0.000455,0.000449,0.000453
DOGE,Dogecoin,2014-05-18,0.000452,0.000455,0.000446,0.000449
DOGE,Dogecoin,2014-05-19,0.000448,0.000451,0.000442,0.000444
DOGE,Dogecoin,2014-05-20,0.000444,0.000473,0.000443,0.000466
DOGE,Dogecoin,2014-05-21,0.000466,0.000471,0.000454,0.000456
DOGE,Dogecoin,2014-05-22,0.000457,0.000461,0.000422,0.000422
DOGE,Dogecoin,2014-05-23,0.000423,0.000443,0.000392,0.000413
DOGE,Dogecoin,2014-05-24,0.000412,0.000429,0.000411,0.000427
DOGE,Dogecoin,2014-05-25,0.000427,0.000443,0.000405,0.000425
DOGE,Dogecoin,2014-05-26,0.000426,0.00043,0.000398,0.000403
DOGE,Dogecoin,2014-05-27,0.000403,0.000411,0.000394,0.000397
DOGE,Dogecoin,2014-05-28,0.000397,0.000422,0.000394,0.000399
DOGE,Dogecoin,2014-05-29,0.000399,0.000399,0.000388,0.00039
DOGE,Dogecoin,2014-05-30,0.00039,0.000392,0.000341,0.000347
DOGE,Dogecoin,2014-05-31,0.000346,0.000362,0.000334,0.000339
DOGE,Dogecoin,2014-06-01,0.000339,0.000431,0.000335,0.000403
DOGE,Dogecoin,2014-06-02,0.000403,0.000416,0.000392,0.000395
DOGE,Dogecoin,2014-06-03,0.000395,0.000406,0.000382,0.000386
DOGE,Dogecoin,2014-06-04,0.000384,0.000386,0.000353,0.000362
DOGE,Dogecoin,2014-06-05,0.000362,0.000368,0.000357,0.00036
DOGE,Dogecoin,2014-06-06,0.000359,0.000365,0.000352,0.000362
DOGE,Dogecoin,2014-06-07,0.000361,0.000375,0.00036,0.000367
DOGE,Dogecoin,2014-06-08,0.000366,0.000369,0.000358,0.00036
DOGE,Dogecoin,2014-06-09,0.00036,0.000364,0.000357,0.000362
DOGE,Dogecoin,2014-06-10,0.000363,0.000383,0.000361,0.000382
DOGE,Dogecoin,2014-06-11,0.000383,0.000435,0.00038,0.00042
DOGE,Dogecoin,2014-06-12,0.000419,0.000424,0.000375,0.000382
DOGE,Dogecoin,2014-06-13,0.000382,0.000406,0.000381,0.000392
DOGE,Dogecoin,2014-06-14,0.000392,0.000395,0.000369,0.000376
DOGE,Dogecoin,2014-06-15,0.000376,0.000381,0.000364,0.000374
DOGE,Dogecoin,2014-06-16,0.000374,0.000378,0.00036,0.000365
DOGE,Dogecoin,2014-06-17,0.000365,0.000367,0.000358,0.000363
DOGE,Dogecoin,2014-06-18,0.000362,0.000364,0.000351,0.000358
DOGE,Dogecoin,2014-06-19,0.000358,0.000363,0.000355,0.000359
DOGE,Dogecoin,2014-06-20,0.000357,0.000359,0.00035,0.000353
DOGE,Dogecoin,2014-06-21,0.000353,0.000354,0.000345,0.000347
DOGE,Dogecoin,2014-06-22,0.000347,0.000353,0.000336,0.000342
DOGE,Dogecoin,2014-06-23,0.000339,0.000343,0.000322,0.000326
DOGE,Dogecoin,2014-06-24,0.000326,0.000327,0.000304,0.000311
DOGE,Dogecoin,2014-06-25,0.00031,0.00031,0.000264,0.000269
DOGE,Dogecoin,2014-06-26,0.000265,0.000296,0.00026,0.000296
DOGE,Dogecoin,2014-06-27,0.000291,0.000298,0.000287,0.000294
DOGE,Dogecoin,2014-06-28,0.000292,0.000292,0.000275,0.000276
DOGE,Dogecoin,2014-06-29,0.000275,0.000279,0.000268,0.000271
DOGE,Dogecoin,2014-06-30,0.000269,0.000281,0.000264,0.000267
DOGE,Dogecoin,2014-07-01,0.000267,0.000268,0.000257,0.000259
DOGE,Dogecoin,2014-07-02,0.000257,0.00026,0.000223,0.000223
DOGE,Dogecoin,2014-07-03,0.000225,0.000226,0.000207,0.000219
DOGE,Dogecoin,2014-07-04,0.000219,0.000245,0.000217,0.000234
DOGE,Dogecoin,2014-07-05,0.000233,0.000236,0.000214,0.000223
DOGE,Dogecoin,2014-07-06,0.000224,0.000235,0.000217,0.000226
DOGE,Dogecoin,2014-07-07,0.000226,0.000232,0.000219,0.000223
DOGE,Dogecoin,2014-07-08,0.000224,0.000262,0.000224,0.000262
DOGE,Dogecoin,2014-07-09,0.000261,0.000287,0.000253,0.000275
DOGE,Dogecoin,2014-07-10,0.000274,0.000284,0.000251,0.000263
DOGE,Dogecoin,2014-07-11,0.000264,0.000275,0.000261,0.000273
DOGE,Dogecoin,2014-07-12,0.000273,0.000275,0.000266,0.000273
DOGE,Dogecoin,2014-07-13,0.000274,0.000274,0.000266,0.00027
DOGE,Dogecoin,2014-07-14,0.00027,0.000273,0.000255,0.000258
DOGE,Dogecoin,2014-07-15,0.000256,0.000259,0.000251,0.000254
DOGE,Dogecoin,2014-07-16,0.000254,0.000255,0.00023,0.000234
DOGE,Dogecoin,2014-07-17,0.000234,0.000262,0.000233,0.000261
DOGE,Dogecoin,2014-07-18,0.00026,0.000261,0.000247,0.000247
DOGE,Dogecoin,2014-07-19,0.000247,0.000251,0.000242,0.000245
DOGE,Dogecoin,2014-07-20,0.000245,0.000246,0.000234,0.00024
DOGE,Dogecoin,2014-07-21,0.00024,0.000241,0.000233,0.000237
DOGE,Dogecoin,2014-07-22,0.000236,0.000237,0.000215,0.00022
DOGE,Dogecoin,2014-07-23,0.000221,0.000226,0.000218,0.000225
DOGE,Dogecoin,2014-07-24,0.000224,0.000228,0.000215,0.000217
DOGE,Dogecoin,2014-07-25,0.000217,0.000221,0.000211,0.000213
DOGE,Dogecoin,2014-07-26,0.000214,0.000216,0.000207,0.000208
DOGE,Dogecoin,2014-07-27,0.000208,0.00022,0.000206,0.000217
DOGE,Dogecoin,2014-07-28,0.000217,0.00022,0.000202,0.000203
DOGE,Dogecoin,2014-07-29,0.000204,0.000212,0.000202,0.000209
DOGE,Dogecoin,2014-07-30,0.000209,0.00021,0.000202,0.000203
DOGE,Dogecoin,2014-07-31,0.000202,0.000211,0.0002,0.000209
DOGE,Dogecoin,2014-08-01,0.000209,0.000214,0.000207,0.000211
DOGE,Dogecoin,2014-08-02,0.00021,0.000212,0.000207,0.000207
DOGE,Dogecoin,2014-08-03,0.000209,0.00021,0.000203,0.000203
DOGE,Dogecoin,2014-08-04,0.000203,0.000207,0.000198,0.000201
DOGE,Dogecoin,2014-08-05,0.000201,0.000203,0.000186,0.000189
DOGE,Dogecoin,2014-08-06,0.000189,0.000192,0.000177,0.000178
DOGE,Dogecoin,2014-08-07,0.000178,0.000183,0.000165,0.000176
DOGE,Dogecoin,2014-08-08,0.000175,0.000183,0.000169,0.00017
DOGE,Dogecoin,2014-08-09,0.00017,0.00017,0.000166,0.000167
DOGE,Dogecoin,2014-08-10,0.000167,0.00017,0.000156,0.00016
DOGE,Dogecoin,2014-08-11,0.00016,0.000166,0.000143,0.000144
DOGE,Dogecoin,2014-08-12,0.000144,0.000149,0.000137,0.000149
DOGE,Dogecoin,2014-08-13,0.000148,0.000151,0.000136,0.000142
DOGE,Dogecoin,2014-08-14,0.000142,0.000148,0.000138,0.000146
DOGE,Dogecoin,2014-08-15,0.000146,0.000147,0.000117,0.00012
DOGE,Dogecoin,2014-08-16,0.000121,0.000135,0.000116,0.000135
DOGE,Dogecoin,2014-08-17,0.000135,0.000137,0.000123,0.000126
DOGE,Dogecoin,2014-08-18,0.000126,0.000128,0.000103,0.000107
DOGE,Dogecoin,2014-08-19,0.000107,0.000117,0.000105,0.000114
DOGE,Dogecoin,2014-08-20,0.000114,0.000132,0.000114,0.00013
DOGE,Dogecoin,2014-08-21,0.000131,0.00014,0.000128,0.000132
DOGE,Dogecoin,2014-08-22,0.000132,0.000132,0.00012,0.000125
DOGE,Dogecoin,2014-08-23,0.000125,0.000126,0.000119,0.00012
DOGE,Dogecoin,2014-08-24,0.00012,0.000126,0.00012,0.000126
DOGE,Dogecoin,2014-08-25,0.000126,0.000126,0.000112,0.000113
DOGE,Dogecoin,2014-08-26,0.000113,0.000178,0.000111,0.000145
DOGE,Dogecoin,2014-08-27,0.000144,0.000151,0.000138,0.000139
DOGE,Dogecoin,2014-08-28,0.000139,0.000142,0.000129,0.000131
DOGE,Dogecoin,2014-08-29,0.000132,0.000133,0.000126,0.000129
DOGE,Dogecoin,2014-08-30,0.000129,0.000135,0.000128,0.000135
DOGE,Dogecoin,2014-08-31,0.000135,0.000147,0.000129,0.000131
DOGE,Dogecoin,2014-09-01,0.000131,0.000133,0.000127,0.000131
DOGE,Dogecoin,2014-09-02,0.00013,0.000134,0.000128,0.000132
DOGE,Dogecoin,2014-09-03,0.000132,0.00014,0.000132,0.00014
DOGE,Dogecoin,2014-09-04,0.00014,0.000168,0.000139,0.000157
DOGE,Dogecoin,2014-09-05,0.000157,0.000169,0.000151,0.000163
DOGE,Dogecoin,2014-09-06,0.000165,0.000213,0.000164,0.000211
DOGE,Dogecoin,2014-09-07,0.00021,0.000217,0.000184,0.000188
DOGE,Dogecoin,2014-09-08,0.000188,0.000189,0.000165,0.000175
DOGE,Dogecoin,2014-09-09,0.000176,0.000195,0.000172,0.000195
DOGE,Dogecoin,2014-09-10,0.000194,0.000196,0.000184,0.000186
DOGE,Dogecoin,2014-09-11,0.000187,0.000208,0.000185,0.000204
DOGE,Dogecoin,2014-09-12,0.000203,0.000206,0.000195,0.000205
DOGE,Dogecoin,2014-09-13,0.000205,0.000267,0.000203,0.000267
DOGE,Dogecoin,2014-09-14,0.000267,0.000436,0.000255,0.000345
DOGE,Dogecoin,2014-09-15,0.00034,0.000356,0.000309,0.000326
DOGE,Dogecoin,2014-09-16,0.000326,0.000329,0.000291,0.000294
DOGE,Dogecoin,2014-09-17,0.000293,0.000299,0.00026,0.000268
DOGE,Dogecoin,2014-09-18,0.000268,0.000325,0.000267,0.000298
DOGE,Dogecoin,2014-09-19,0.000298,0.000307,0.000275,0.000277
DOGE,Dogecoin,2014-09-20,0.000276,0.00031,0.000267,0.000292
DOGE,Dogecoin,2014-09-21,0.000293,0.000299,0.000284,0.000288
DOGE,Dogecoin,2014-09-22,0.000288,0.000301,0.000285,0.000298
DOGE,Dogecoin,2014-09-23,0.000298,0.000318,0.000295,0.000313
DOGE,Dogecoin,2014-09-24,0.000314,0.000353,0.00031,0.000348
DOGE,Dogecoin,2014-09-25,0.000347,0.000383,0.000332,0.000375
DOGE,Dogecoin,2014-09-26,0.000374,0.000467,0.000373,0.000451
DOGE,Dogecoin,2014-09-27,0.00045,0.000452,0.000359,0.000375
DOGE,Dogecoin,2014-09-28,0.000376,0.000414,0.000376,0.000392
DOGE,Dogecoin,2014-09-29,0.000394,0.000401,0.000378,0.000396
DOGE,Dogecoin,2014-09-30,0.000397,0.000408,0.000386,0.000399
DOGE,Dogecoin,2014-10-01,0.0004,0.000406,0.000371,0.000371
DOGE,Dogecoin,2014-10-02,0.000371,0.000371,0.000331,0.000334
DOGE,Dogecoin,2014-10-03,0.000332,0.000345,0.000306,0.000326
DOGE,Dogecoin,2014-10-04,0.000325,0.000339,0.000298,0.0003
DOGE,Dogecoin,2014-10-05,0.0003,0.000309,0.00026,0.000273
DOGE,Dogecoin,2014-10-06,0.000272,0.000313,0.000262,0.000298
DOGE,Dogecoin,2014-10-07,0.000299,0.000312,0.000288,0.000297
DOGE,Dogecoin,2014-10-08,0.000297,0.0003,0.000285,0.000294
DOGE,Dogecoin,2014-10-09,0.000293,0.000299,0.000285,0.000293
DOGE,Dogecoin,2014-10-10,0.000293,0.000296,0.000271,0.000271
DOGE,Dogecoin,2014-10-11,0.000271,0.000281,0.000268,0.000278
DOGE,Dogecoin,2014-10-12,0.000278,0.000294,0.000277,0.00029
DOGE,Dogecoin,2014-10-13,0.000291,0.000291,0.00028,0.000285
DOGE,Dogecoin,2014-10-14,0.000286,0.000293,0.000284,0.000285
DOGE,Dogecoin,2014-10-15,0.000285,0.000286,0.000259,0.000268
DOGE,Dogecoin,2014-10-16,0.000269,0.00027,0.000253,0.000258
DOGE,Dogecoin,2014-10-17,0.000258,0.000261,0.000245,0.00025
DOGE,Dogecoin,2014-10-18,0.000251,0.000262,0.000246,0.000257
DOGE,Dogecoin,2014-10-19,0.000258,0.000259,0.000241,0.000244
DOGE,Dogecoin,2014-10-20,0.000243,0.000244,0.000223,0.000232
DOGE,Dogecoin,2014-10-21,0.000232,0.000235,0.000228,0.00023
DOGE,Dogecoin,2014-10-22,0.00023,0.000271,0.000228,0.000256
DOGE,Dogecoin,2014-10-23,0.000257,0.000268,0.000244,0.000245
DOGE,Dogecoin,2014-10-24,0.000246,0.000261,0.000241,0.000251
DOGE,Dogecoin,2014-10-25,0.000251,0.000252,0.000244,0.000246
DOGE,Dogecoin,2014-10-26,0.000247,0.000253,0.000243,0.000249
DOGE,Dogecoin,2014-10-27,0.000249,0.000254,0.000247,0.000251
DOGE,Dogecoin,2014-10-28,0.00025,0.000258,0.000249,0.000256
DOGE,Dogecoin,2014-10-29,0.000255,0.000255,0.00024,0.000242
DOGE,Dogecoin,2014-10-30,0.000242,0.000244,0.000234,0.000238
DOGE,Dogecoin,2014-10-31,0.000238,0.000243,0.000235,0.000236
DOGE,Dogecoin,2014-11-01,0.000236,0.000239,0.000225,0.000228
DOGE,Dogecoin,2014-11-02,0.000228,0.00023,0.000215,0.000221
DOGE,Dogecoin,2014-11-03,0.000221,0.000229,0.000214,0.000216
DOGE,Dogecoin,2014-11-04,0.000216,0.000217,0.000208,0.000211
DOGE,Dogecoin,2014-11-05,0.000211,0.000221,0.00021,0.000218
DOGE,Dogecoin,2014-11-06,0.000217,0.000228,0.000215,0.000226
DOGE,Dogecoin,2014-11-07,0.000227,0.000228,0.000218,0.00022
DOGE,Dogecoin,2014-11-08,0.00022,0.00022,0.000215,0.000218
DOGE,Dogecoin,2014-11-09,0.000218,0.000221,0.000214,0.000219
DOGE,Dogecoin,2014-11-10,0.000219,0.000228,0.000218,0.00022
DOGE,Dogecoin,2014-11-11,0.000223,0.000226,0.00022,0.000223
DOGE,Dogecoin,2014-11-12,0.000224,0.000248,0.000223,0.000243
DOGE,Dogecoin,2014-11-13,0.000244,0.000265,0.000243,0.00025
DOGE,Dogecoin,2014-11-14,0.00025,0.00025,0.000232,0.000239
DOGE,Dogecoin,2014-11-15,0.00024,0.000248,0.000224,0.000225
DOGE,Dogecoin,2014-11-16,0.000224,0.000231,0.000222,0.000225
DOGE,Dogecoin,2014-11-17,0.000225,0.000233,0.000222,0.000224
DOGE,Dogecoin,2014-11-18,0.000224,0.000228,0.000214,0.000214
DOGE,Dogecoin,2014-11-19,0.000214,0.000219,0.000212,0.000217
DOGE,Dogecoin,2014-11-20,0.000216,0.000219,0.000205,0.00021
DOGE,Dogecoin,2014-11-21,0.00021,0.000213,0.000204,0.000209
DOGE,Dogecoin,2014-11-22,0.00021,0.00022,0.000208,0.000214
DOGE,Dogecoin,2014-11-23,0.000214,0.000265,0.000213,0.000251
DOGE,Dogecoin,2014-11-24,0.000251,0.000259,0.000241,0.000248
DOGE,Dogecoin,2014-11-25,0.000248,0.000252,0.000237,0.000243
DOGE,Dogecoin,2014-11-26,0.000243,0.000243,0.000231,0.000232
DOGE,Dogecoin,2014-11-27,0.000232,0.000255,0.000225,0.000243
DOGE,Dogecoin,2014-11-28,0.000244,0.000251,0.000238,0.000245
DOGE,Dogecoin,2014-11-29,0.000245,0.000249,0.000242,0.000243
DOGE,Dogecoin,2014-11-30,0.000241,0.000245,0.000241,0.000242
DOGE,Dogecoin,2014-12-01,0.000241,0.000244,0.00024,0.000242
DOGE,Dogecoin,2014-12-02,0.000242,0.000243,0.000238,0.00024
DOGE,Dogecoin,2014-12-03,0.00024,0.000241,0.000233,0.000237
DOGE,Dogecoin,2014-12-04,0.000237,0.000238,0.000229,0.00023
DOGE,Dogecoin,2014-12-05,0.00023,0.000237,0.000227,0.000233
DOGE,Dogecoin,2014-12-06,0.000233,0.000235,0.000228,0.00023
DOGE,Dogecoin,2014-12-07,0.00023,0.000234,0.000227,0.000229
DOGE,Dogecoin,2014-12-08,0.000229,0.000232,0.000221,0.000221
DOGE,Dogecoin,2014-12-09,0.000221,0.000222,0.000209,0.00021
DOGE,Dogecoin,2014-12-10,0.000208,0.000218,0.000206,0.000209
DOGE,Dogecoin,2014-12-11,0.000208,0.000214,0.000203,0.000206
DOGE,Dogecoin,2014-12-12,0.000207,0.000208,0.000205,0.000206
DOGE,Dogecoin,2014-12-13,0.000205,0.000205,0.000202,0.000202
DOGE,Dogecoin,2014-12-14,0.000202,0.000202,0.000194,0.000196
DOGE,Dogecoin,2014-12-15,0.000195,0.000196,0.000188,0.000188
DOGE,Dogecoin,2014-12-16,0.000189,0.00019,0.000172,0.000173
DOGE,Dogecoin,2014-12-17,0.000173,0.000189,0.000167,0.000179
DOGE,Dogecoin,2014-12-18,0.000179,0.000184,0.000174,0.000177
DOGE,Dogecoin,2014-12-19,0.000176,0.0002,0.000173,0.000194
DOGE,Dogecoin,2014-12-20,0.000194,0.000212,0.000192,0.000206
DOGE,Dogecoin,2014-12-21,0.000206,0.000206,0.000192,0.000193
DOGE,Dogecoin,2014-12-22,0.000193,0.0002,0.000192,0.000195
DOGE,Dogecoin,2014-12-23,0.000195,0.000198,0.000193,0.000195
DOGE,Dogecoin,2014-12-24,0.000196,0.000197,0.000189,0.00019
DOGE,Dogecoin,2014-12-25,0.00019,0.000191,0.000183,0.000185
DOGE,Dogecoin,2014-12-26,0.000187,0.000193,0.000183,0.00019
DOGE,Dogecoin,2014-12-27,0.00019,0.000191,0.000182,0.000184
DOGE,Dogecoin,2014-12-28,0.000183,0.000186,0.000179,0.000184
DOGE,Dogecoin,2014-12-29,0.000183,0.000186,0.000178,0.000182
DOGE,Dogecoin,2014-12-30,0.000181,0.000182,0.000177,0.000179
DOGE,Dogecoin,2014-12-31,0.000179,0.000187,0.000178,0.000187
DOGE,Dogecoin,2015-01-01,0.000186,0.000186,0.000182,0.000183
DOGE,Dogecoin,2015-01-02,0.000183,0.000187,0.000182,0.000186
DOGE,Dogecoin,2015-01-03,0.000184,0.000186,0.000167,0.000167
DOGE,Dogecoin,2015-01-04,0.000168,0.000169,0.000155,0.000158
DOGE,Dogecoin,2015-01-05,0.000159,0.000166,0.000157,0.000161
DOGE,Dogecoin,2015-01-06,0.000161,0.00017,0.000161,0.000168
DOGE,Dogecoin,2015-01-07,0.000167,0.000175,0.000166,0.000173
DOGE,Dogecoin,2015-01-08,0.000173,0.000174,0.000166,0.000168
DOGE,Dogecoin,2015-01-09,0.000167,0.000172,0.000165,0.000171
DOGE,Dogecoin,2015-01-10,0.000171,0.000173,0.000161,0.000162
DOGE,Dogecoin,2015-01-11,0.000162,0.000166,0.000159,0.00016
DOGE,Dogecoin,2015-01-12,0.00016,0.000162,0.000156,0.000156
DOGE,Dogecoin,2015-01-13,0.000156,0.000157,0.000133,0.000136
DOGE,Dogecoin,2015-01-14,0.000135,0.000136,0.000113,0.000115
DOGE,Dogecoin,2015-01-15,0.000115,0.000152,0.000115,0.00014
DOGE,Dogecoin,2015-01-16,0.00014,0.000145,0.000136,0.000142
DOGE,Dogecoin,2015-01-17,0.000142,0.000143,0.000132,0.000135
DOGE,Dogecoin,2015-01-18,0.000135,0.000147,0.000133,0.00014
DOGE,Dogecoin,2015-01-19,0.00014,0.000142,0.000136,0.00014
DOGE,Dogecoin,2015-01-20,0.000139,0.000145,0.000137,0.000141
DOGE,Dogecoin,2015-01-21,0.000141,0.000155,0.000141,0.000153
DOGE,Dogecoin,2015-01-22,0.000153,0.000159,0.000153,0.000155
DOGE,Dogecoin,2015-01-23,0.000155,0.000157,0.00015,0.000156
DOGE,Dogecoin,2015-01-24,0.000156,0.000167,0.000155,0.000166
DOGE,Dogecoin,2015-01-25,0.000166,0.000171,0.000161,0.000166
DOGE,Dogecoin,2015-01-26,0.000167,0.000184,0.000162,0.000163
DOGE,Dogecoin,2015-01-27,0.000163,0.000166,0.000153,0.000158
DOGE,Dogecoin,2015-01-28,0.000158,0.000161,0.000142,0.000144
DOGE,Dogecoin,2015-01-29,0.000146,0.000148,0.000139,0.000147
DOGE,Dogecoin,2015-01-30,0.000146,0.000151,0.000142,0.000142
DOGE,Dogecoin,2015-01-31,0.000143,0.000146,0.000138,0.000139
DOGE,Dogecoin,2015-02-01,0.000138,0.000147,0.000136,0.000144
DOGE,Dogecoin,2015-02-02,0.000144,0.000152,0.000142,0.000151
DOGE,Dogecoin,2015-02-03,0.00015,0.000156,0.000144,0.000147
DOGE,Dogecoin,2015-02-04,0.000148,0.000148,0.000143,0.000147
DOGE,Dogecoin,2015-02-05,0.000147,0.000152,0.00014,0.000142
DOGE,Dogecoin,2015-02-06,0.000141,0.000146,0.00014,0.000144
DOGE,Dogecoin,2015-02-07,0.000144,0.000147,0.000143,0.000145
DOGE,Dogecoin,2015-02-08,0.000145,0.000146,0.00014,0.000141
DOGE,Dogecoin,2015-02-09,0.000141,0.000143,0.000138,0.00014
DOGE,Dogecoin,2015-02-10,0.00014,0.000141,0.000136,0.000141
DOGE,Dogecoin,2015-02-11,0.00014,0.000142,0.000138,0.000138
DOGE,Dogecoin,2015-02-12,0.000138,0.000142,0.000137,0.000142
DOGE,Dogecoin,2015-02-13,0.000142,0.000149,0.00014,0.000143
DOGE,Dogecoin,2015-02-14,0.000143,0.000152,0.000143,0.000151
DOGE,Dogecoin,2015-02-15,0.000151,0.000154,0.00014,0.000141
DOGE,Dogecoin,2015-02-16,0.000141,0.000146,0.000139,0.000144
DOGE,Dogecoin,2015-02-17,0.000144,0.000149,0.000143,0.000146
DOGE,Dogecoin,2015-02-18,0.000146,0.000147,0.000141,0.000143
DOGE,Dogecoin,2015-02-19,0.000143,0.000147,0.000141,0.000146
DOGE,Dogecoin,2015-02-20,0.000146,0.000149,0.000142,0.000144
DOGE,Dogecoin,2015-02-21,0.000144,0.00015,0.000142,0.000145
DOGE,Dogecoin,2015-02-22,0.000145,0.000147,0.00014,0.000141
DOGE,Dogecoin,2015-02-23,0.000141,0.000143,0.000139,0.000142
DOGE,Dogecoin,2015-02-24,0.000142,0.000143,0.00014,0.00014
DOGE,Dogecoin,2015-02-25,0.00014,0.000144,0.00014,0.000142
DOGE,Dogecoin,2015-02-26,0.000142,0.000144,0.00014,0.000143
DOGE,Dogecoin,2015-02-27,0.000143,0.000151,0.000142,0.000146
DOGE,Dogecoin,2015-02-28,0.000146,0.000147,0.000142,0.000145
DOGE,Dogecoin,2015-03-01,0.000145,0.000148,0.00014,0.000146
DOGE,Dogecoin,2015-03-02,0.000146,0.00015,0.000143,0.000149
DOGE,Dogecoin,2015-03-03,0.000149,0.000149,0.000142,0.000144
DOGE,Dogecoin,2015-03-04,0.000142,0.000145,0.000139,0.000143
DOGE,Dogecoin,2015-03-05,0.000143,0.000145,0.000139,0.000141
DOGE,Dogecoin,2015-03-06,0.000141,0.000144,0.000138,0.000142
DOGE,Dogecoin,2015-03-07,0.000142,0.000143,0.000139,0.000141
DOGE,Dogecoin,2015-03-08,0.000142,0.000143,0.000138,0.00014
DOGE,Dogecoin,2015-03-09,0.00014,0.000145,0.000139,0.000144
DOGE,Dogecoin,2015-03-10,0.000144,0.000145,0.000139,0.000139
DOGE,Dogecoin,2015-03-11,0.000139,0.000146,0.000139,0.000145
DOGE,Dogecoin,2015-03-12,0.000144,0.000145,0.000142,0.000143
DOGE,Dogecoin,2015-03-13,0.000142,0.000144,0.00014,0.000141
DOGE,Dogecoin,2015-03-14,0.000141,0.000144,0.00014,0.000144
DOGE,Dogecoin,2015-03-15,0.000143,0.000145,0.000141,0.000143
DOGE,Dogecoin,2015-03-16,0.000143,0.000146,0.000142,0.000145
DOGE,Dogecoin,2015-03-17,0.000144,0.000147,0.000143,0.000144
DOGE,Dogecoin,2015-03-18,0.000144,0.000144,0.000132,0.000133
DOGE,Dogecoin,2015-03-19,0.000133,0.000137,0.000128,0.000133
DOGE,Dogecoin,2015-03-20,0.000134,0.000137,0.000131,0.000133
DOGE,Dogecoin,2015-03-21,0.000133,0.000134,0.000129,0.000131
DOGE,Dogecoin,2015-03-22,0.000132,0.000135,0.00013,0.000132
DOGE,Dogecoin,2015-03-23,0.000134,0.000139,0.000131,0.000137
DOGE,Dogecoin,2015-03-24,0.000137,0.000138,0.000128,0.000129
DOGE,Dogecoin,2015-03-25,0.00013,0.000132,0.000122,0.000131
DOGE,Dogecoin,2015-03-26,0.00013,0.000135,0.000129,0.000132
DOGE,Dogecoin,2015-03-27,0.000132,0.000134,0.000128,0.000129
DOGE,Dogecoin,2015-03-28,0.000128,0.000134,0.000128,0.000131
DOGE,Dogecoin,2015-03-29,0.000131,0.000132,0.000124,0.000127
DOGE,Dogecoin,2015-03-30,0.000127,0.000129,0.000126,0.000128
DOGE,Dogecoin,2015-03-31,0.000128,0.000177,0.000124,0.000126
DOGE,Dogecoin,2015-04-01,0.000126,0.000128,0.000123,0.000128
DOGE,Dogecoin,2015-04-02,0.000128,0.00013,0.000126,0.000129
DOGE,Dogecoin,2015-04-03,0.000129,0.000131,0.000127,0.000129
DOGE,Dogecoin,2015-04-04,0.000129,0.00013,0.000126,0.000128
DOGE,Dogecoin,2015-04-05,0.000128,0.000128,0.000122,0.000127
DOGE,Dogecoin,2015-04-06,0.000127,0.000128,0.000122,0.000124
DOGE,Dogecoin,2015-04-07,0.000124,0.000124,0.00012,0.000122
DOGE,Dogecoin,2015-04-08,0.000122,0.000123,0.000109,0.000117
DOGE,Dogecoin,2015-04-09,0.000117,0.000118,0.000114,0.000117
DOGE,Dogecoin,2015-04-10,0.000117,0.000117,0.000111,0.000113
DOGE,Dogecoin,2015-04-11,0.000113,0.000115,0.000112,0.000114
DOGE,Dogecoin,2015-04-12,0.000114,0.000115,0.000112,0.000114
DOGE,Dogecoin,2015-04-13,0.000114,0.000115,0.000106,0.000106
DOGE,Dogecoin,2015-04-14,0.000106,0.000107,0.000102,0.000103
DOGE,Dogecoin,2015-04-15,0.000102,0.000105,0.000102,0.000105
DOGE,Dogecoin,2015-04-16,0.000105,0.000108,0.000104,0.000108
DOGE,Dogecoin,2015-04-17,0.000107,0.000109,0.000105,0.000107
DOGE,Dogecoin,2015-04-18,0.000107,0.000107,0.000105,0.000107
DOGE,Dogecoin,2015-04-19,0.000107,0.000108,0.000105,0.000106
DOGE,Dogecoin,2015-04-20,0.000106,0.000108,0.000105,0.000106
DOGE,Dogecoin,2015-04-21,0.000106,0.000111,0.000104,0.000111
DOGE,Dogecoin,2015-04-22,0.000111,0.000112,0.000109,0.000111
DOGE,Dogecoin,2015-04-23,0.00011,0.000112,0.000108,0.00011
DOGE,Dogecoin,2015-04-24,0.00011,0.000111,0.000104,0.000105
DOGE,Dogecoin,2015-04-25,0.000105,0.000107,0.000102,0.000103
DOGE,Dogecoin,2015-04-26,0.000103,0.000104,0.000098,0.0001
DOGE,Dogecoin,2015-04-27,0.0001,0.000105,0.000099,0.000104
DOGE,Dogecoin,2015-04-28,0.000104,0.000104,0.000098,0.000099
DOGE,Dogecoin,2015-04-29,0.000099,0.0001,0.000098,0.000098
DOGE,Dogecoin,2015-04-30,0.000099,0.000105,0.000098,0.000103
DOGE,Dogecoin,2015-05-01,0.000103,0.000104,0.000096,0.000098
DOGE,Dogecoin,2015-05-02,0.000098,0.000103,0.000096,0.000097
DOGE,Dogecoin,2015-05-03,0.000097,0.0001,0.00009,0.00009
DOGE,Dogecoin,2015-05-04,0.00009,0.000094,0.000089,0.000089
DOGE,Dogecoin,2015-05-05,0.000089,0.00009,0.000088,0.000089
DOGE,Dogecoin,2015-05-06,0.000089,0.00009,0.000087,0.000087
DOGE,Dogecoin,2015-05-07,0.000087,0.000089,0.000085,0.000089
DOGE,Dogecoin,2015-05-08,0.000089,0.000094,0.000087,0.000092
DOGE,Dogecoin,2015-05-09,0.000092,0.000094,0.00009,0.000092
DOGE,Dogecoin,2015-05-10,0.000091,0.000094,0.000089,0.00009
DOGE,Dogecoin,2015-05-11,0.00009,0.000094,0.000088,0.000093
DOGE,Dogecoin,2015-05-12,0.000093,0.000124,0.000092,0.000111
DOGE,Dogecoin,2015-05-13,0.000112,0.000117,0.000107,0.000108
DOGE,Dogecoin,2015-05-14,0.000108,0.000117,0.000105,0.000114
DOGE,Dogecoin,2015-05-15,0.000114,0.000122,0.000113,0.00012
DOGE,Dogecoin,2015-05-16,0.00012,0.000122,0.000116,0.000117
DOGE,Dogecoin,2015-05-17,0.000117,0.000117,0.000114,0.000115
DOGE,Dogecoin,2015-05-18,0.000115,0.000119,0.000114,0.000116
DOGE,Dogecoin,2015-05-19,0.000116,0.000122,0.000114,0.00012
DOGE,Dogecoin,2015-05-20,0.00012,0.000134,0.00012,0.000134
DOGE,Dogecoin,2015-05-21,0.000134,0.000134,0.00013,0.000134
DOGE,Dogecoin,2015-05-22,0.000133,0.000141,0.000132,0.000139
DOGE,Dogecoin,2015-05-23,0.000138,0.000151,0.000134,0.000136
DOGE,Dogecoin,2015-05-24,0.000136,0.000143,0.000132,0.000143
DOGE,Dogecoin,2015-05-25,0.000143,0.000149,0.00014,0.000142
DOGE,Dogecoin,2015-05-26,0.000142,0.000162,0.000139,0.000161
DOGE,Dogecoin,2015-05-27,0.00016,0.00019,0.000159,0.000184
DOGE,Dogecoin,2015-05-28,0.000184,0.000202,0.000178,0.000192
DOGE,Dogecoin,2015-05-29,0.000192,0.000201,0.000171,0.000178
DOGE,Dogecoin,2015-05-30,0.000178,0.000181,0.000158,0.000162
DOGE,Dogecoin,2015-05-31,0.000162,0.000171,0.000154,0.000154
DOGE,Dogecoin,2015-06-01,0.000154,0.000158,0.000141,0.000141
DOGE,Dogecoin,2015-06-02,0.000143,0.000165,0.000136,0.00016
DOGE,Dogecoin,2015-06-03,0.000161,0.000161,0.000146,0.000151
DOGE,Dogecoin,2015-06-04,0.000151,0.000155,0.000148,0.000152
DOGE,Dogecoin,2015-06-05,0.000151,0.000155,0.000148,0.000153
DOGE,Dogecoin,2015-06-06,0.000153,0.000159,0.000152,0.000158
DOGE,Dogecoin,2015-06-07,0.000158,0.000158,0.000151,0.000152
DOGE,Dogecoin,2015-06-08,0.000152,0.000163,0.00015,0.000163
DOGE,Dogecoin,2015-06-09,0.000163,0.000168,0.000161,0.000162
DOGE,Dogecoin,2015-06-10,0.000162,0.000162,0.000155,0.000157
DOGE,Dogecoin,2015-06-11,0.000157,0.00016,0.000156,0.00016
DOGE,Dogecoin,2015-06-12,0.00016,0.000162,0.000158,0.000161
DOGE,Dogecoin,2015-06-13,0.000161,0.000167,0.000159,0.000165
DOGE,Dogecoin,2015-06-14,0.000165,0.000172,0.000164,0.000167
DOGE,Dogecoin,2015-06-15,0.000167,0.000172,0.000164,0.00017
DOGE,Dogecoin,2015-06-16,0.00017,0.000199,0.000169,0.000198
DOGE,Dogecoin,2015-06-17,0.000197,0.000228,0.000192,0.000197
DOGE,Dogecoin,2015-06-18,0.000197,0.000214,0.000197,0.00021
DOGE,Dogecoin,2015-06-19,0.000213,0.000232,0.000205,0.000209
DOGE,Dogecoin,2015-06-20,0.000207,0.000213,0.00019,0.00021
DOGE,Dogecoin,2015-06-21,0.000211,0.000218,0.000204,0.000209
DOGE,Dogecoin,2015-06-22,0.000208,0.000221,0.000207,0.000219
DOGE,Dogecoin,2015-06-23,0.000219,0.000219,0.000186,0.000187
DOGE,Dogecoin,2015-06-24,0.000187,0.000191,0.000178,0.000178
DOGE,Dogecoin,2015-06-25,0.000179,0.000187,0.000171,0.000186
DOGE,Dogecoin,2015-06-26,0.000185,0.000204,0.00018,0.000201
DOGE,Dogecoin,2015-06-27,0.000201,0.000213,0.000201,0.00021
DOGE,Dogecoin,2015-06-28,0.000208,0.000209,0.000197,0.000204
DOGE,Dogecoin,2015-06-29,0.000203,0.000216,0.000203,0.000214
DOGE,Dogecoin,2015-06-30,0.000215,0.000216,0.000198,0.000199
DOGE,Dogecoin,2015-07-01,0.000199,0.0002,0.000186,0.000193
DOGE,Dogecoin,2015-07-02,0.000193,0.000195,0.000188,0.000191
DOGE,Dogecoin,2015-07-03,0.000191,0.000192,0.000187,0.000191
DOGE,Dogecoin,2015-07-04,0.000191,0.000194,0.000188,0.000191
DOGE,Dogecoin,2015-07-05,0.000191,0.000195,0.000186,0.000194
DOGE,Dogecoin,2015-07-06,0.000194,0.000199,0.000191,0.000192
DOGE,Dogecoin,2015-07-07,0.000192,0.000193,0.000186,0.000189
DOGE,Dogecoin,2015-07-08,0.000189,0.000193,0.000187,0.000189
DOGE,Dogecoin,2015-07-09,0.000189,0.000206,0.000187,0.000195
DOGE,Dogecoin,2015-07-10,0.000196,0.000247,0.000195,0.000203
DOGE,Dogecoin,2015-07-11,0.000203,0.000206,0.000196,0.000201
DOGE,Dogecoin,2015-07-12,0.000201,0.000214,0.000199,0.000211
DOGE,Dogecoin,2015-07-13,0.00021,0.000212,0.000192,0.0002
DOGE,Dogecoin,2015-07-14,0.0002,0.0002,0.000193,0.000194
DOGE,Dogecoin,2015-07-15,0.000194,0.000197,0.000184,0.000186
DOGE,Dogecoin,2015-07-16,0.000186,0.000189,0.000166,0.000171
DOGE,Dogecoin,2015-07-17,0.00017,0.000181,0.00017,0.00018
DOGE,Dogecoin,2015-07-18,0.00018,0.000184,0.000175,0.000177
DOGE,Dogecoin,2015-07-19,0.000177,0.000179,0.000166,0.000169
DOGE,Dogecoin,2015-07-20,0.000168,0.000175,0.000165,0.000174
DOGE,Dogecoin,2015-07-21,0.000174,0.000175,0.000169,0.00017
DOGE,Dogecoin,2015-07-22,0.00017,0.000189,0.000167,0.000184
DOGE,Dogecoin,2015-07-23,0.000183,0.000187,0.000177,0.000178
DOGE,Dogecoin,2015-07-24,0.000178,0.000188,0.000175,0.000188
DOGE,Dogecoin,2015-07-25,0.000188,0.000193,0.000187,0.000188
DOGE,Dogecoin,2015-07-26,0.000188,0.00019,0.000185,0.000187
DOGE,Dogecoin,2015-07-27,0.000187,0.000189,0.000183,0.000189
DOGE,Dogecoin,2015-07-28,0.000189,0.00019,0.000186,0.000188
DOGE,Dogecoin,2015-07-29,0.000188,0.000192,0.000183,0.000184
DOGE,Dogecoin,2015-07-30,0.000184,0.000186,0.000182,0.000183
DOGE,Dogecoin,2015-07-31,0.000183,0.000187,0.000178,0.000184
DOGE,Dogecoin,2015-08-01,0.000184,0.000187,0.000172,0.000175
DOGE,Dogecoin,2015-08-02,0.000175,0.000175,0.000169,0.000172
DOGE,Dogecoin,2015-08-03,0.000173,0.000177,0.00017,0.000173
DOGE,Dogecoin,2015-08-04,0.000173,0.000177,0.000173,0.000176
DOGE,Dogecoin,2015-08-05,0.000175,0.000176,0.000172,0.000173
DOGE,Dogecoin,2015-08-06,0.000173,0.000175,0.000166,0.000168
DOGE,Dogecoin,2015-08-07,0.000168,0.000172,0.000165,0.000168
DOGE,Dogecoin,2015-08-08,0.000169,0.000171,0.000158,0.000158
DOGE,Dogecoin,2015-08-09,0.000158,0.000163,0.000156,0.000162
DOGE,Dogecoin,2015-08-10,0.000162,0.000164,0.000158,0.00016
DOGE,Dogecoin,2015-08-11,0.00016,0.000164,0.00016,0.000164
DOGE,Dogecoin,2015-08-12,0.000164,0.000166,0.000158,0.00016
DOGE,Dogecoin,2015-08-13,0.00016,0.000161,0.000156,0.000156
DOGE,Dogecoin,2015-08-14,0.000156,0.000159,0.000155,0.000158
DOGE,Dogecoin,2015-08-15,0.000158,0.000158,0.000155,0.000155
DOGE,Dogecoin,2015-08-16,0.000154,0.000155,0.000145,0.000148
DOGE,Dogecoin,2015-08-17,0.000148,0.000151,0.000147,0.00015
DOGE,Dogecoin,2015-08-18,0.00015,0.00015,0.000134,0.000134
DOGE,Dogecoin,2015-08-19,0.000133,0.000139,0.000129,0.000131
DOGE,Dogecoin,2015-08-20,0.000131,0.00014,0.000131,0.000139
DOGE,Dogecoin,2015-08-21,0.000139,0.000149,0.000137,0.000145
DOGE,Dogecoin,2015-08-22,0.000145,0.000146,0.000136,0.000137
DOGE,Dogecoin,2015-08-23,0.000137,0.000143,0.000137,0.000138
DOGE,Dogecoin,2015-08-24,0.000138,0.000138,0.000125,0.000128
DOGE,Dogecoin,2015-08-25,0.000125,0.000131,0.000119,0.000129
DOGE,Dogecoin,2015-08-26,0.000129,0.000136,0.000127,0.000133
DOGE,Dogecoin,2015-08-27,0.000133,0.000133,0.000128,0.000129
DOGE,Dogecoin,2015-08-28,0.000129,0.000134,0.000125,0.000132
DOGE,Dogecoin,2015-08-29,0.000132,0.000133,0.000128,0.000131
DOGE,Dogecoin,2015-08-30,0.000131,0.000133,0.000127,0.000129
DOGE,Dogecoin,2015-08-31,0.00013,0.00013,0.000126,0.000129
DOGE,Dogecoin,2015-09-01,0.000128,0.000132,0.000127,0.000127
DOGE,Dogecoin,2015-09-02,0.000127,0.000129,0.000125,0.000126
DOGE,Dogecoin,2015-09-03,0.000126,0.000128,0.000122,0.000122
DOGE,Dogecoin,2015-09-04,0.000123,0.000125,0.000123,0.000125
DOGE,Dogecoin,2015-09-05,0.000125,0.000131,0.000124,0.00013
DOGE,Dogecoin,2015-09-06,0.00013,0.000135,0.00013,0.000132
DOGE,Dogecoin,2015-09-07,0.000132,0.000133,0.000129,0.00013
DOGE,Dogecoin,2015-09-08,0.000129,0.000133,0.000128,0.000131
DOGE,Dogecoin,2015-09-09,0.000131,0.000134,0.000128,0.00013
DOGE,Dogecoin,2015-09-10,0.00013,0.000132,0.000127,0.000129
DOGE,Dogecoin,2015-09-11,0.000128,0.000133,0.000128,0.000131
DOGE,Dogecoin,2015-09-12,0.000131,0.000131,0.000126,0.000127
DOGE,Dogecoin,2015-09-13,0.000127,0.000129,0.000123,0.000126
DOGE,Dogecoin,2015-09-14,0.000125,0.000126,0.000122,0.000125
DOGE,Dogecoin,2015-09-15,0.000125,0.000131,0.000123,0.000126
DOGE,Dogecoin,2015-09-16,0.000126,0.000126,0.000122,0.000124
DOGE,Dogecoin,2015-09-17,0.000124,0.000126,0.000122,0.000125
DOGE,Dogecoin,2015-09-18,0.000125,0.000127,0.000125,0.000127
DOGE,Dogecoin,2015-09-19,0.000127,0.00013,0.000124,0.000126
DOGE,Dogecoin,2015-09-20,0.000126,0.000129,0.000124,0.000126
DOGE,Dogecoin,2015-09-21,0.000126,0.000132,0.000125,0.00013
DOGE,Dogecoin,2015-09-22,0.00013,0.000131,0.000124,0.000126
DOGE,Dogecoin,2015-09-23,0.000126,0.000126,0.000122,0.000124
DOGE,Dogecoin,2015-09-24,0.000123,0.000125,0.000122,0.000124
DOGE,Dogecoin,2015-09-25,0.000124,0.000125,0.000121,0.000122
DOGE,Dogecoin,2015-09-26,0.000122,0.000124,0.000121,0.000123
DOGE,Dogecoin,2015-09-27,0.000123,0.000123,0.00012,0.000122
DOGE,Dogecoin,2015-09-28,0.000122,0.000125,0.000121,0.000124
DOGE,Dogecoin,2015-09-29,0.000124,0.000128,0.000121,0.000121
DOGE,Dogecoin,2015-09-30,0.000121,0.000124,0.000121,0.000123
DOGE,Dogecoin,2015-10-01,0.000123,0.000124,0.000122,0.000122
DOGE,Dogecoin,2015-10-02,0.000123,0.000124,0.000121,0.000123
DOGE,Dogecoin,2015-10-03,0.000122,0.000123,0.00012,0.000121
DOGE,Dogecoin,2015-10-04,0.000121,0.000122,0.000118,0.000118
DOGE,Dogecoin,2015-10-05,0.000118,0.000119,0.000117,0.000117
DOGE,Dogecoin,2015-10-06,0.000118,0.000123,0.000117,0.000121
DOGE,Dogecoin,2015-10-07,0.000122,0.000123,0.000119,0.000121
DOGE,Dogecoin,2015-10-08,0.000121,0.000121,0.000118,0.000119
DOGE,Dogecoin,2015-10-09,0.000119,0.00012,0.000118,0.000119
DOGE,Dogecoin,2015-10-10,0.000119,0.000121,0.000117,0.000119
DOGE,Dogecoin,2015-10-11,0.000119,0.000121,0.000118,0.00012
DOGE,Dogecoin,2015-10-12,0.00012,0.000121,0.000118,0.000119
DOGE,Dogecoin,2015-10-13,0.000119,0.000122,0.000117,0.000121
DOGE,Dogecoin,2015-10-14,0.000121,0.000122,0.000119,0.00012
DOGE,Dogecoin,2015-10-15,0.00012,0.000121,0.000119,0.00012
DOGE,Dogecoin,2015-10-16,0.00012,0.000122,0.000117,0.000121
DOGE,Dogecoin,2015-10-17,0.000121,0.000125,0.000119,0.000121
DOGE,Dogecoin,2015-10-18,0.000121,0.000124,0.000118,0.000119
DOGE,Dogecoin,2015-10-19,0.000119,0.000121,0.000118,0.000119
DOGE,Dogecoin,2015-10-20,0.000119,0.00012,0.000118,0.000118
DOGE,Dogecoin,2015-10-21,0.000119,0.00012,0.000116,0.000117
DOGE,Dogecoin,2015-10-22,0.000117,0.00012,0.000116,0.000118
DOGE,Dogecoin,2015-10-23,0.000117,0.000118,0.000113,0.000115
DOGE,Dogecoin,2015-10-24,0.000114,0.000116,0.000113,0.000114
DOGE,Dogecoin,2015-10-25,0.000114,0.000119,0.000114,0.000116
DOGE,Dogecoin,2015-10-26,0.000116,0.000117,0.000114,0.000116
DOGE,Dogecoin,2015-10-27,0.000116,0.000121,0.000115,0.000118
DOGE,Dogecoin,2015-10-28,0.000118,0.000128,0.000117,0.000126
DOGE,Dogecoin,2015-10-29,0.000126,0.000141,0.000124,0.000141
DOGE,Dogecoin,2015-10-30,0.000141,0.000166,0.000139,0.000151
DOGE,Dogecoin,2015-10-31,0.000151,0.000153,0.000137,0.000137
DOGE,Dogecoin,2015-11-01,0.000137,0.000142,0.000136,0.000141
DOGE,Dogecoin,2015-11-02,0.000141,0.000149,0.000138,0.000147
DOGE,Dogecoin,2015-11-03,0.000147,0.00016,0.000144,0.000156
DOGE,Dogecoin,2015-11-04,0.000156,0.000167,0.000145,0.000149
DOGE,Dogecoin,2015-11-05,0.000149,0.000152,0.000139,0.000146
DOGE,Dogecoin,2015-11-06,0.000146,0.000148,0.000137,0.000141
DOGE,Dogecoin,2015-11-07,0.000142,0.000147,0.000139,0.000145
DOGE,Dogecoin,2015-11-08,0.000144,0.000145,0.000134,0.000136
DOGE,Dogecoin,2015-11-09,0.000136,0.000139,0.000131,0.000135
DOGE,Dogecoin,2015-11-10,0.000135,0.000136,0.000121,0.000123
DOGE,Dogecoin,2015-11-11,0.000124,0.000129,0.000119,0.000125
DOGE,Dogecoin,2015-11-12,0.000126,0.000134,0.000125,0.00013
DOGE,Dogecoin,2015-11-13,0.00013,0.000133,0.000127,0.00013
DOGE,Dogecoin,2015-11-14,0.00013,0.000132,0.000128,0.00013
DOGE,Dogecoin,2015-11-15,0.00013,0.000132,0.000125,0.000125
DOGE,Dogecoin,2015-11-16,0.000126,0.000132,0.000124,0.000131
DOGE,Dogecoin,2015-11-17,0.000131,0.000133,0.000129,0.000133
DOGE,Dogecoin,2015-11-18,0.000133,0.000135,0.00013,0.000135
DOGE,Dogecoin,2015-11-19,0.000135,0.000135,0.000129,0.00013
DOGE,Dogecoin,2015-11-20,0.00013,0.000131,0.000127,0.000131
DOGE,Dogecoin,2015-11-21,0.000129,0.000132,0.000128,0.000131
DOGE,Dogecoin,2015-11-22,0.000131,0.000134,0.000127,0.000128
DOGE,Dogecoin,2015-11-23,0.000128,0.000131,0.000127,0.00013
DOGE,Dogecoin,2015-11-24,0.000129,0.000131,0.000127,0.000128
DOGE,Dogecoin,2015-11-25,0.000128,0.000132,0.000127,0.00013
DOGE,Dogecoin,2015-11-26,0.00013,0.000138,0.000129,0.000132
DOGE,Dogecoin,2015-11-27,0.000132,0.000136,0.00013,0.000133
DOGE,Dogecoin,2015-11-28,0.000133,0.000134,0.000128,0.00013
DOGE,Dogecoin,2015-11-29,0.00013,0.000132,0.000128,0.00013
DOGE,Dogecoin,2015-11-30,0.00013,0.000133,0.000127,0.000128
DOGE,Dogecoin,2015-12-01,0.000129,0.000131,0.000125,0.000127
DOGE,Dogecoin,2015-12-02,0.000128,0.000132,0.000124,0.00013
DOGE,Dogecoin,2015-12-03,0.00013,0.000134,0.000128,0.000129
DOGE,Dogecoin,2015-12-04,0.000128,0.000133,0.000128,0.000129
DOGE,Dogecoin,2015-12-05,0.000129,0.000133,0.000127,0.00013
DOGE,Dogecoin,2015-12-06,0.00013,0.000134,0.000126,0.000128
DOGE,Dogecoin,2015-12-07,0.000127,0.000137,0.000126,0.000133
DOGE,Dogecoin,2015-12-08,0.000133,0.000137,0.000129,0.000136
DOGE,Dogecoin,2015-12-09,0.000137,0.000152,0.000134,0.000142
DOGE,Dogecoin,2015-12-10,0.000142,0.000147,0.000138,0.000139
DOGE,Dogecoin,2015-12-11,0.000139,0.000153,0.000138,0.00015
DOGE,Dogecoin,2015-12-12,0.000149,0.000155,0.000137,0.000142
DOGE,Dogecoin,2015-12-13,0.000141,0.000148,0.000141,0.000143
DOGE,Dogecoin,2015-12-14,0.000143,0.00015,0.000142,0.000145
DOGE,Dogecoin,2015-12-15,0.000145,0.000153,0.000145,0.00015
DOGE,Dogecoin,2015-12-16,0.00015,0.000156,0.000146,0.00015
DOGE,Dogecoin,2015-12-17,0.00015,0.000157,0.000147,0.000155
DOGE,Dogecoin,2015-12-18,0.000155,0.00016,0.00015,0.000155
DOGE,Dogecoin,2015-12-19,0.000157,0.000158,0.00015,0.000153
DOGE,Dogecoin,2015-12-20,0.000152,0.000152,0.000141,0.000143
DOGE,Dogecoin,2015-12-21,0.000145,0.000147,0.000139,0.000143
DOGE,Dogecoin,2015-12-22,0.000142,0.000148,0.00014,0.000142
DOGE,Dogecoin,2015-12-23,0.000142,0.000149,0.000141,0.000147
DOGE,Dogecoin,2015-12-24,0.000148,0.000151,0.000144,0.000147
DOGE,Dogecoin,2015-12-25,0.000148,0.000152,0.000146,0.000147
DOGE,Dogecoin,2015-12-26,0.000149,0.00015,0.000136,0.000139
DOGE,Dogecoin,2015-12-27,0.000139,0.000145,0.000138,0.000145
DOGE,Dogecoin,2015-12-28,0.000144,0.000147,0.000137,0.000139
DOGE,Dogecoin,2015-12-29,0.000139,0.000155,0.000138,0.000155
DOGE,Dogecoin,2015-12-30,0.000156,0.000157,0.000149,0.000153
DOGE,Dogecoin,2015-12-31,0.000151,0.000157,0.000147,0.000151
DOGE,Dogecoin,2016-01-01,0.00015,0.000156,0.00015,0.000154
DOGE,Dogecoin,2016-01-02,0.000155,0.000156,0.000148,0.000151
DOGE,Dogecoin,2016-01-03,0.000149,0.00015,0.000143,0.000146
DOGE,Dogecoin,2016-01-04,0.000146,0.000148,0.000142,0.000144
DOGE,Dogecoin,2016-01-05,0.000144,0.000154,0.000135,0.000137
DOGE,Dogecoin,2016-01-06,0.000137,0.000138,0.000134,0.000135
DOGE,Dogecoin,2016-01-07,0.000134,0.000142,0.000134,0.000139
DOGE,Dogecoin,2016-01-08,0.00014,0.000158,0.000138,0.000158
DOGE,Dogecoin,2016-01-09,0.000173,0.000202,0.000169,0.00018
DOGE,Dogecoin,2016-01-10,0.00018,0.00018,0.000159,0.000167
DOGE,Dogecoin,2016-01-11,0.000167,0.000177,0.000166,0.000171
DOGE,Dogecoin,2016-01-12,0.000171,0.000193,0.000169,0.00018
DOGE,Dogecoin,2016-01-13,0.000179,0.000184,0.000176,0.000177
DOGE,Dogecoin,2016-01-14,0.000177,0.000181,0.000172,0.000175
DOGE,Dogecoin,2016-01-15,0.000176,0.000176,0.000149,0.000149
DOGE,Dogecoin,2016-01-16,0.000149,0.000156,0.000145,0.000155
DOGE,Dogecoin,2016-01-17,0.000155,0.000156,0.00015,0.000152
DOGE,Dogecoin,2016-01-18,0.000152,0.000153,0.00015,0.000151
DOGE,Dogecoin,2016-01-19,0.000151,0.000152,0.000147,0.000148
DOGE,Dogecoin,2016-01-20,0.000148,0.000171,0.000146,0.000168
DOGE,Dogecoin,2016-01-21,0.000168,0.000169,0.000161,0.000163
DOGE,Dogecoin,2016-01-22,0.000163,0.000184,0.000161,0.000168
DOGE,Dogecoin,2016-01-23,0.000171,0.000177,0.000171,0.000172
DOGE,Dogecoin,2016-01-24,0.000173,0.000193,0.00017,0.000193
DOGE,Dogecoin,2016-01-25,0.000194,0.000217,0.00019,0.000212
DOGE,Dogecoin,2016-01-26,0.000212,0.000383,0.000208,0.000356
DOGE,Dogecoin,2016-01-27,0.000357,0.000496,0.000349,0.000455
DOGE,Dogecoin,2016-01-28,0.000455,0.0005,0.000329,0.000344
DOGE,Dogecoin,2016-01-29,0.000347,0.000347,0.000298,0.000316
DOGE,Dogecoin,2016-01-30,0.000317,0.000326,0.000252,0.000258
DOGE,Dogecoin,2016-01-31,0.000259,0.000318,0.000214,0.000277
DOGE,Dogecoin,2016-02-01,0.000278,0.000294,0.000259,0.00027
DOGE,Dogecoin,2016-02-02,0.000271,0.000271,0.000256,0.000262
DOGE,Dogecoin,2016-02-03,0.000262,0.000273,0.000258,0.000265
DOGE,Dogecoin,2016-02-04,0.000265,0.00029,0.000264,0.000287
DOGE,Dogecoin,2016-02-05,0.000285,0.000309,0.000283,0.000305
DOGE,Dogecoin,2016-02-06,0.000308,0.000328,0.0003,0.000306
DOGE,Dogecoin,2016-02-07,0.000306,0.000312,0.000282,0.000285
DOGE,Dogecoin,2016-02-08,0.000285,0.000299,0.000283,0.000287
DOGE,Dogecoin,2016-02-09,0.000287,0.000296,0.000286,0.000292
DOGE,Dogecoin,2016-02-10,0.000291,0.000304,0.00029,0.000298
DOGE,Dogecoin,2016-02-11,0.000297,0.000303,0.00028,0.00029
DOGE,Dogecoin,2016-02-12,0.000293,0.000301,0.000284,0.000301
DOGE,Dogecoin,2016-02-13,0.0003,0.000301,0.000292,0.000295
DOGE,Dogecoin,2016-02-14,0.000295,0.000305,0.000295,0.000301
DOGE,Dogecoin,2016-02-15,0.000301,0.000302,0.000294,0.000298
DOGE,Dogecoin,2016-02-16,0.000298,0.0003,0.000292,0.000292
DOGE,Dogecoin,2016-02-17,0.00029,0.000294,0.000278,0.000278
DOGE,Dogecoin,2016-02-18,0.000278,0.000287,0.000273,0.000278
DOGE,Dogecoin,2016-02-19,0.000278,0.000302,0.000277,0.000297
DOGE,Dogecoin,2016-02-20,0.000297,0.000304,0.00029,0.000291
DOGE,Dogecoin,2016-02-21,0.000292,0.000294,0.000283,0.000285
DOGE,Dogecoin,2016-02-22,0.000287,0.000288,0.000282,0.000283
DOGE,Dogecoin,2016-02-23,0.000283,0.000284,0.000277,0.00028
DOGE,Dogecoin,2016-02-24,0.000279,0.000283,0.000273,0.000278
DOGE,Dogecoin,2016-02-25,0.000277,0.000278,0.000267,0.000269
DOGE,Dogecoin,2016-02-26,0.000269,0.00027,0.000255,0.000259
DOGE,Dogecoin,2016-02-27,0.000259,0.000268,0.000253,0.000255
DOGE,Dogecoin,2016-02-28,0.000256,0.000258,0.000244,0.000254
DOGE,Dogecoin,2016-02-29,0.000254,0.000258,0.000248,0.00025
DOGE,Dogecoin,2016-03-01,0.00025,0.00025,0.000243,0.000249
DOGE,Dogecoin,2016-03-02,0.000247,0.000251,0.000242,0.000244
DOGE,Dogecoin,2016-03-03,0.000244,0.000247,0.000239,0.000245
DOGE,Dogecoin,2016-03-04,0.000246,0.000247,0.000237,0.000238
DOGE,Dogecoin,2016-03-05,0.000238,0.000239,0.000221,0.000224
DOGE,Dogecoin,2016-03-06,0.000223,0.000225,0.000219,0.000221
DOGE,Dogecoin,2016-03-07,0.000222,0.00024,0.000218,0.000233
DOGE,Dogecoin,2016-03-08,0.000231,0.000234,0.000218,0.00022
DOGE,Dogecoin,2016-03-09,0.000219,0.000231,0.000218,0.00023
DOGE,Dogecoin,2016-03-10,0.00023,0.000247,0.000227,0.000241
DOGE,Dogecoin,2016-03-11,0.000246,0.000247,0.000237,0.000241
DOGE,Dogecoin,2016-03-12,0.000242,0.000243,0.000233,0.000237
DOGE,Dogecoin,2016-03-13,0.000237,0.000245,0.000233,0.000245
DOGE,Dogecoin,2016-03-14,0.000241,0.000246,0.000234,0.000238
DOGE,Dogecoin,2016-03-15,0.000239,0.000239,0.00023,0.000231
DOGE,Dogecoin,2016-03-16,0.000233,0.000234,0.000227,0.000231
DOGE,Dogecoin,2016-03-17,0.000231,0.000233,0.000221,0.000223
DOGE,Dogecoin,2016-03-18,0.000221,0.000224,0.000207,0.000209
DOGE,Dogecoin,2016-03-19,0.000211,0.00022,0.000209,0.00022
DOGE,Dogecoin,2016-03-20,0.000221,0.000221,0.000209,0.000214
DOGE,Dogecoin,2016-03-21,0.000214,0.000216,0.00021,0.000212
DOGE,Dogecoin,2016-03-22,0.000212,0.000217,0.000209,0.000217
DOGE,Dogecoin,2016-03-23,0.000216,0.000217,0.000209,0.000212
DOGE,Dogecoin,2016-03-24,0.000212,0.000219,0.00021,0.000213
DOGE,Dogecoin,2016-03-25,0.000215,0.000217,0.000213,0.000214
DOGE,Dogecoin,2016-03-26,0.000214,0.000216,0.000211,0.000213
DOGE,Dogecoin,2016-03-27,0.000213,0.000218,0.000212,0.000216
DOGE,Dogecoin,2016-03-28,0.000215,0.000219,0.000213,0.000215
DOGE,Dogecoin,2016-03-29,0.000215,0.000259,0.000215,0.000254
DOGE,Dogecoin,2016-03-30,0.000257,0.00026,0.000228,0.000234
DOGE,Dogecoin,2016-03-31,0.000232,0.000235,0.000223,0.000233
DOGE,Dogecoin,2016-04-01,0.000233,0.000233,0.000221,0.000224
DOGE,Dogecoin,2016-04-02,0.000223,0.000229,0.000223,0.000226
DOGE,Dogecoin,2016-04-03,0.000224,0.000227,0.000219,0.000221
DOGE,Dogecoin,2016-04-04,0.000221,0.000223,0.000218,0.00022
DOGE,Dogecoin,2016-04-05,0.00022,0.00022,0.000213,0.000214
DOGE,Dogecoin,2016-04-06,0.000216,0.00022,0.000214,0.000216
DOGE,Dogecoin,2016-04-07,0.000216,0.000218,0.000209,0.000212
DOGE,Dogecoin,2016-04-08,0.000212,0.000215,0.000209,0.000211
DOGE,Dogecoin,2016-04-09,0.000211,0.000215,0.000207,0.000208
DOGE,Dogecoin,2016-04-10,0.000208,0.00021,0.000197,0.000204
DOGE,Dogecoin,2016-04-11,0.000203,0.000215,0.000202,0.000214
DOGE,Dogecoin,2016-04-12,0.000214,0.000242,0.000212,0.000229
DOGE,Dogecoin,2016-04-13,0.000231,0.000239,0.000224,0.000234
DOGE,Dogecoin,2016-04-14,0.000233,0.000235,0.000225,0.00023
DOGE,Dogecoin,2016-04-15,0.000231,0.000236,0.000228,0.000233
DOGE,Dogecoin,2016-04-16,0.000234,0.000237,0.000229,0.00023
DOGE,Dogecoin,2016-04-17,0.000231,0.000231,0.000224,0.000226
DOGE,Dogecoin,2016-04-18,0.000226,0.000228,0.000219,0.000225
DOGE,Dogecoin,2016-04-19,0.000224,0.000226,0.000219,0.000222
DOGE,Dogecoin,2016-04-20,0.000222,0.000227,0.000221,0.000226
DOGE,Dogecoin,2016-04-21,0.000225,0.000228,0.000224,0.000226
DOGE,Dogecoin,2016-04-22,0.000226,0.000227,0.000223,0.000224
DOGE,Dogecoin,2016-04-23,0.000224,0.000227,0.000222,0.000224
DOGE,Dogecoin,2016-04-24,0.000224,0.000228,0.00022,0.000227
DOGE,Dogecoin,2016-04-25,0.000228,0.000231,0.000224,0.000227
DOGE,Dogecoin,2016-04-26,0.000227,0.000235,0.000226,0.00023
DOGE,Dogecoin,2016-04-27,0.000231,0.000233,0.000223,0.000224
DOGE,Dogecoin,2016-04-28,0.000224,0.000231,0.000222,0.000228
DOGE,Dogecoin,2016-04-29,0.000228,0.000229,0.000225,0.000226
DOGE,Dogecoin,2016-04-30,0.000226,0.000231,0.000225,0.000226
DOGE,Dogecoin,2016-05-01,0.000226,0.000228,0.000224,0.000226
DOGE,Dogecoin,2016-05-02,0.000225,0.000231,0.00022,0.000229
DOGE,Dogecoin,2016-05-03,0.000227,0.000231,0.000224,0.000228
DOGE,Dogecoin,2016-05-04,0.000226,0.000228,0.000224,0.000225
DOGE,Dogecoin,2016-05-05,0.000225,0.000227,0.000219,0.000221
DOGE,Dogecoin,2016-05-06,0.00022,0.000227,0.000219,0.000225
DOGE,Dogecoin,2016-05-07,0.000224,0.000225,0.000221,0.000223
DOGE,Dogecoin,2016-05-08,0.000222,0.000223,0.00022,0.000222
DOGE,Dogecoin,2016-05-09,0.000222,0.000225,0.00022,0.000224
DOGE,Dogecoin,2016-05-10,0.000222,0.000224,0.00022,0.00022
DOGE,Dogecoin,2016-05-11,0.00022,0.000224,0.00022,0.000224
DOGE,Dogecoin,2016-05-12,0.000223,0.000236,0.000223,0.000235
DOGE,Dogecoin,2016-05-13,0.000235,0.000245,0.000233,0.000236
DOGE,Dogecoin,2016-05-14,0.000236,0.000237,0.000229,0.000231
DOGE,Dogecoin,2016-05-15,0.000231,0.000235,0.000229,0.000231
DOGE,Dogecoin,2016-05-16,0.000231,0.000232,0.000226,0.000229
DOGE,Dogecoin,2016-05-17,0.000228,0.00023,0.000224,0.000226
DOGE,Dogecoin,2016-05-18,0.000226,0.000229,0.000224,0.000228
DOGE,Dogecoin,2016-05-19,0.000228,0.000234,0.000224,0.000225
DOGE,Dogecoin,2016-05-20,0.000223,0.000228,0.000222,0.000228
DOGE,Dogecoin,2016-05-21,0.000228,0.000228,0.000224,0.000226
DOGE,Dogecoin,2016-05-22,0.000227,0.000227,0.000222,0.000224
DOGE,Dogecoin,2016-05-23,0.000222,0.000226,0.000222,0.000225
DOGE,Dogecoin,2016-05-24,0.000226,0.000226,0.000223,0.000224
DOGE,Dogecoin,2016-05-25,0.000223,0.000226,0.000221,0.000224
DOGE,Dogecoin,2016-05-26,0.000224,0.00023,0.000221,0.000228
DOGE,Dogecoin,2016-05-27,0.000228,0.000233,0.000225,0.00023
DOGE,Dogecoin,2016-05-28,0.00023,0.000238,0.000228,0.000237
DOGE,Dogecoin,2016-05-29,0.000236,0.000246,0.000233,0.000238
DOGE,Dogecoin,2016-05-30,0.000238,0.000246,0.000235,0.000238
DOGE,Dogecoin,2016-05-31,0.000239,0.00024,0.000227,0.000231
DOGE,Dogecoin,2016-06-01,0.000231,0.000235,0.000226,0.000234
DOGE,Dogecoin,2016-06-02,0.000234,0.000236,0.00023,0.00023
DOGE,Dogecoin,2016-06-03,0.000232,0.00024,0.00023,0.000238
DOGE,Dogecoin,2016-06-04,0.000237,0.000244,0.000233,0.000237
DOGE,Dogecoin,2016-06-05,0.000237,0.000238,0.000233,0.000237
DOGE,Dogecoin,2016-06-06,0.000236,0.000238,0.000233,0.000236
DOGE,Dogecoin,2016-06-07,0.000235,0.00024,0.000234,0.00024
DOGE,Dogecoin,2016-06-08,0.000239,0.000249,0.000237,0.000246
DOGE,Dogecoin,2016-06-09,0.000246,0.000269,0.000245,0.000265
DOGE,Dogecoin,2016-06-10,0.000265,0.000272,0.000258,0.00026
DOGE,Dogecoin,2016-06-11,0.000261,0.000262,0.000249,0.000253
DOGE,Dogecoin,2016-06-12,0.000253,0.000275,0.000253,0.00027
DOGE,Dogecoin,2016-06-13,0.00027,0.000306,0.000269,0.000298
DOGE,Dogecoin,2016-06-14,0.000295,0.000344,0.000289,0.00032
DOGE,Dogecoin,2016-06-15,0.00032,0.00033,0.000309,0.000313
DOGE,Dogecoin,2016-06-16,0.000312,0.000335,0.000312,0.000335
DOGE,Dogecoin,2016-06-17,0.000332,0.000341,0.000315,0.000321
DOGE,Dogecoin,2016-06-18,0.00032,0.000329,0.000314,0.000324
DOGE,Dogecoin,2016-06-19,0.000324,0.00034,0.000319,0.000338
DOGE,Dogecoin,2016-06-20,0.000337,0.000342,0.000322,0.000323
DOGE,Dogecoin,2016-06-21,0.000324,0.000327,0.000297,0.000307
DOGE,Dogecoin,2016-06-22,0.000307,0.000315,0.000258,0.000266
DOGE,Dogecoin,2016-06-23,0.000265,0.000283,0.000244,0.00028
DOGE,Dogecoin,2016-06-24,0.000283,0.000292,0.000273,0.000281
DOGE,Dogecoin,2016-06-25,0.000283,0.000297,0.000274,0.000284
DOGE,Dogecoin,2016-06-26,0.000287,0.000294,0.000275,0.000285
DOGE,Dogecoin,2016-06-27,0.000283,0.000288,0.000278,0.000288
DOGE,Dogecoin,2016-06-28,0.000289,0.000305,0.000285,0.000301
DOGE,Dogecoin,2016-06-29,0.000298,0.000301,0.000284,0.000296
DOGE,Dogecoin,2016-06-30,0.000295,0.000306,0.00029,0.000304
DOGE,Dogecoin,2016-07-01,0.000304,0.000309,0.000297,0.000302
DOGE,Dogecoin,2016-07-02,0.000302,0.000306,0.000298,0.000306
DOGE,Dogecoin,2016-07-03,0.000306,0.000307,0.000277,0.000282
DOGE,Dogecoin,2016-07-04,0.000284,0.000292,0.00028,0.000289
DOGE,Dogecoin,2016-07-05,0.000289,0.000295,0.000284,0.000287
DOGE,Dogecoin,2016-07-06,0.000288,0.00029,0.000278,0.000284
DOGE,Dogecoin,2016-07-07,0.000284,0.000284,0.000267,0.000275
DOGE,Dogecoin,2016-07-08,0.000275,0.000281,0.000272,0.000277
DOGE,Dogecoin,2016-07-09,0.000276,0.000279,0.000265,0.00027
DOGE,Dogecoin,2016-07-10,0.00027,0.000274,0.000267,0.000272
DOGE,Dogecoin,2016-07-11,0.000272,0.000293,0.000265,0.000267
DOGE,Dogecoin,2016-07-12,0.000268,0.000271,0.000259,0.000265
DOGE,Dogecoin,2016-07-13,0.000264,0.000268,0.000261,0.000263
DOGE,Dogecoin,2016-07-14,0.000263,0.000267,0.000259,0.000262
DOGE,Dogecoin,2016-07-15,0.000261,0.000266,0.000261,0.000264
DOGE,Dogecoin,2016-07-16,0.000262,0.000266,0.00026,0.000262
DOGE,Dogecoin,2016-07-17,0.000262,0.000264,0.000257,0.000263
DOGE,Dogecoin,2016-07-18,0.000263,0.000263,0.000251,0.000252
DOGE,Dogecoin,2016-07-19,0.000252,0.000255,0.000243,0.000245
DOGE,Dogecoin,2016-07-20,0.000245,0.000247,0.00024,0.000244
DOGE,Dogecoin,2016-07-21,0.000242,0.000243,0.000234,0.000237
DOGE,Dogecoin,2016-07-22,0.000239,0.00024,0.000234,0.000237
DOGE,Dogecoin,2016-07-23,0.000237,0.000251,0.000232,0.000251
DOGE,Dogecoin,2016-07-24,0.000254,0.000254,0.000243,0.000249
DOGE,Dogecoin,2016-07-25,0.000246,0.000249,0.000241,0.000245
DOGE,Dogecoin,2016-07-26,0.000246,0.000246,0.000236,0.00024
DOGE,Dogecoin,2016-07-27,0.00024,0.000241,0.000234,0.000237
DOGE,Dogecoin,2016-07-28,0.000235,0.00024,0.000233,0.000238
DOGE,Dogecoin,2016-07-29,0.000237,0.000239,0.000235,0.000238
DOGE,Dogecoin,2016-07-30,0.000238,0.00024,0.000235,0.000239
DOGE,Dogecoin,2016-07-31,0.000238,0.000239,0.00023,0.00023
DOGE,Dogecoin,2016-08-01,0.00023,0.000233,0.000223,0.000223
DOGE,Dogecoin,2016-08-02,0.000223,0.000228,0.000203,0.000206
DOGE,Dogecoin,2016-08-03,0.000209,0.000218,0.000206,0.000214
DOGE,Dogecoin,2016-08-04,0.000213,0.000217,0.000211,0.000215
DOGE,Dogecoin,2016-08-05,0.000215,0.000219,0.000212,0.000218
DOGE,Dogecoin,2016-08-06,0.000218,0.000234,0.000216,0.000231
DOGE,Dogecoin,2016-08-07,0.000231,0.000277,0.000225,0.000264
DOGE,Dogecoin,2016-08-08,0.000259,0.000259,0.000233,0.000237
DOGE,Dogecoin,2016-08-09,0.000233,0.000241,0.000231,0.000237
DOGE,Dogecoin,2016-08-10,0.00024,0.000249,0.000235,0.000239
DOGE,Dogecoin,2016-08-11,0.000242,0.000243,0.000235,0.000235
DOGE,Dogecoin,2016-08-12,0.000238,0.00024,0.000234,0.000239
DOGE,Dogecoin,2016-08-13,0.00024,0.000241,0.000237,0.000239
DOGE,Dogecoin,2016-08-14,0.000239,0.000252,0.000236,0.000245
DOGE,Dogecoin,2016-08-15,0.000248,0.00025,0.000235,0.000238
DOGE,Dogecoin,2016-08-16,0.000242,0.000263,0.000235,0.000258
DOGE,Dogecoin,2016-08-17,0.000263,0.000263,0.000243,0.000247
DOGE,Dogecoin,2016-08-18,0.000247,0.000252,0.000241,0.000247
DOGE,Dogecoin,2016-08-19,0.000247,0.000247,0.000232,0.000233
DOGE,Dogecoin,2016-08-20,0.000236,0.000241,0.000232,0.000238
DOGE,Dogecoin,2016-08-21,0.000238,0.000239,0.000232,0.000232
DOGE,Dogecoin,2016-08-22,0.000235,0.000238,0.000222,0.000229
DOGE,Dogecoin,2016-08-23,0.000229,0.000234,0.000222,0.000227
DOGE,Dogecoin,2016-08-24,0.000227,0.000235,0.000224,0.000231
DOGE,Dogecoin,2016-08-25,0.000231,0.000235,0.000225,0.000229
DOGE,Dogecoin,2016-08-26,0.000228,0.000233,0.000227,0.000231
DOGE,Dogecoin,2016-08-27,0.000231,0.000231,0.000224,0.000224
DOGE,Dogecoin,2016-08-28,0.000226,0.00023,0.00022,0.000229
DOGE,Dogecoin,2016-08-29,0.000227,0.00023,0.00022,0.000225
DOGE,Dogecoin,2016-08-30,0.000224,0.000234,0.000223,0.000233
DOGE,Dogecoin,2016-08-31,0.000233,0.000236,0.000232,0.000235
DOGE,Dogecoin,2016-09-01,0.000235,0.000236,0.00023,0.000232
DOGE,Dogecoin,2016-09-02,0.000232,0.000237,0.000231,0.000235
DOGE,Dogecoin,2016-09-03,0.000234,0.000237,0.000232,0.000236
DOGE,Dogecoin,2016-09-04,0.000236,0.000239,0.000232,0.000235
DOGE,Dogecoin,2016-09-05,0.000235,0.000239,0.000233,0.000236
DOGE,Dogecoin,2016-09-06,0.000238,0.000242,0.000235,0.000241
DOGE,Dogecoin,2016-09-07,0.000241,0.000246,0.000238,0.000242
DOGE,Dogecoin,2016-09-08,0.000242,0.000246,0.000228,0.000228
DOGE,Dogecoin,2016-09-09,0.000231,0.000233,0.000226,0.00023
DOGE,Dogecoin,2016-09-10,0.00023,0.000271,0.000227,0.000227
DOGE,Dogecoin,2016-09-11,0.000228,0.000257,0.000225,0.000226
DOGE,Dogecoin,2016-09-12,0.000226,0.000227,0.000223,0.000226
DOGE,Dogecoin,2016-09-13,0.000226,0.000229,0.000222,0.000225
DOGE,Dogecoin,2016-09-14,0.000228,0.000229,0.000223,0.000226
DOGE,Dogecoin,2016-09-15,0.000228,0.000236,0.000223,0.000233
DOGE,Dogecoin,2016-09-16,0.000233,0.000256,0.00023,0.00025
DOGE,Dogecoin,2016-09-17,0.000248,0.000251,0.000236,0.000236
DOGE,Dogecoin,2016-09-18,0.000236,0.00024,0.000232,0.00024
DOGE,Dogecoin,2016-09-19,0.000237,0.00024,0.00023,0.000236
DOGE,Dogecoin,2016-09-20,0.000232,0.000236,0.000229,0.000232
DOGE,Dogecoin,2016-09-21,0.000234,0.000234,0.000224,0.000231
DOGE,Dogecoin,2016-09-22,0.000231,0.000233,0.000224,0.000228
DOGE,Dogecoin,2016-09-23,0.000228,0.000251,0.000224,0.000224
DOGE,Dogecoin,2016-09-24,0.000228,0.000229,0.000223,0.000226
DOGE,Dogecoin,2016-09-25,0.000226,0.000228,0.000224,0.000225
DOGE,Dogecoin,2016-09-26,0.000225,0.00023,0.000225,0.000229
DOGE,Dogecoin,2016-09-27,0.000228,0.000233,0.000227,0.000228
DOGE,Dogecoin,2016-09-28,0.00023,0.000233,0.000226,0.000229
DOGE,Dogecoin,2016-09-29,0.000229,0.000232,0.000226,0.000231
DOGE,Dogecoin,2016-09-30,0.000229,0.000235,0.000229,0.000235
DOGE,Dogecoin,2016-10-01,0.000232,0.000237,0.00023,0.000233
DOGE,Dogecoin,2016-10-02,0.00023,0.000234,0.000229,0.00023
DOGE,Dogecoin,2016-10-03,0.00023,0.000237,0.00023,0.000234
DOGE,Dogecoin,2016-10-04,0.000236,0.000237,0.000229,0.000229
DOGE,Dogecoin,2016-10-05,0.000229,0.000233,0.000228,0.000233
DOGE,Dogecoin,2016-10-06,0.00023,0.000234,0.000223,0.000223
DOGE,Dogecoin,2016-10-07,0.000223,0.000231,0.000223,0.000228
DOGE,Dogecoin,2016-10-08,0.000228,0.00023,0.000225,0.000225
DOGE,Dogecoin,2016-10-09,0.000228,0.000231,0.000226,0.000228
DOGE,Dogecoin,2016-10-10,0.000228,0.000231,0.000227,0.000228
DOGE,Dogecoin,2016-10-11,0.000228,0.000235,0.000223,0.00023
DOGE,Dogecoin,2016-10-12,0.00023,0.00023,0.000224,0.000225
DOGE,Dogecoin,2016-10-13,0.000225,0.000229,0.000221,0.000227
DOGE,Dogecoin,2016-10-14,0.000227,0.000228,0.000222,0.000227
DOGE,Dogecoin,2016-10-15,0.000225,0.000228,0.000221,0.000224
DOGE,Dogecoin,2016-10-16,0.000225,0.000228,0.00022,0.000223
DOGE,Dogecoin,2016-10-17,0.000223,0.000225,0.000221,0.000221
DOGE,Dogecoin,2016-10-18,0.000223,0.000224,0.00022,0.000221
DOGE,Dogecoin,2016-10-19,0.000222,0.000223,0.000217,0.000219
DOGE,Dogecoin,2016-10-20,0.000217,0.000222,0.000217,0.000221
DOGE,Dogecoin,2016-10-21,0.000221,0.000222,0.000218,0.000218
DOGE,Dogecoin,2016-10-22,0.000218,0.000226,0.000218,0.000223
DOGE,Dogecoin,2016-10-23,0.000223,0.000225,0.000219,0.000221
DOGE,Dogecoin,2016-10-24,0.000221,0.000222,0.000218,0.000219
DOGE,Dogecoin,2016-10-25,0.000219,0.000223,0.000219,0.000219
DOGE,Dogecoin,2016-10-26,0.000219,0.000222,0.000215,0.000216
DOGE,Dogecoin,2016-10-27,0.000216,0.000221,0.000215,0.000217
DOGE,Dogecoin,2016-10-28,0.000219,0.00022,0.000213,0.000216
DOGE,Dogecoin,2016-10-29,0.000219,0.000232,0.000216,0.000223
DOGE,Dogecoin,2016-10-30,0.000223,0.000224,0.000219,0.000223
DOGE,Dogecoin,2016-10-31,0.000222,0.000229,0.000218,0.00022
DOGE,Dogecoin,2016-11-01,0.00022,0.000226,0.000218,0.000221
DOGE,Dogecoin,2016-11-02,0.000221,0.000224,0.000217,0.00022
DOGE,Dogecoin,2016-11-03,0.000223,0.000224,0.000216,0.000217
DOGE,Dogecoin,2016-11-04,0.000219,0.000222,0.000217,0.000219
DOGE,Dogecoin,2016-11-05,0.000221,0.000224,0.000219,0.000222
DOGE,Dogecoin,2016-11-06,0.000221,0.000223,0.000218,0.000221
DOGE,Dogecoin,2016-11-07,0.000222,0.000258,0.000219,0.000239
DOGE,Dogecoin,2016-11-08,0.000239,0.000243,0.000227,0.000229
DOGE,Dogecoin,2016-11-09,0.000229,0.000234,0.000224,0.000229
DOGE,Dogecoin,2016-11-10,0.000229,0.000231,0.000224,0.000228
DOGE,Dogecoin,2016-11-11,0.000228,0.00023,0.000225,0.000227
DOGE,Dogecoin,2016-11-12,0.000226,0.000229,0.00022,0.00022
DOGE,Dogecoin,2016-11-13,0.00022,0.000226,0.000218,0.000225
DOGE,Dogecoin,2016-11-14,0.000225,0.000225,0.000221,0.000223
DOGE,Dogecoin,2016-11-15,0.000223,0.000224,0.000219,0.000222
DOGE,Dogecoin,2016-11-16,0.000222,0.000227,0.000219,0.000221
DOGE,Dogecoin,2016-11-17,0.000222,0.000227,0.00022,0.000224
DOGE,Dogecoin,2016-11-18,0.000223,0.000224,0.000217,0.000218
DOGE,Dogecoin,2016-11-19,0.000221,0.000221,0.000217,0.00022
DOGE,Dogecoin,2016-11-20,0.00022,0.000222,0.000215,0.000219
DOGE,Dogecoin,2016-11-21,0.000218,0.000224,0.000216,0.000222
DOGE,Dogecoin,2016-11-22,0.000222,0.000224,0.000219,0.000224
DOGE,Dogecoin,2016-11-23,0.000223,0.000224,0.000215,0.000219
DOGE,Dogecoin,2016-11-24,0.000216,0.000219,0.000213,0.000218
DOGE,Dogecoin,2016-11-25,0.000218,0.000221,0.000216,0.00022
DOGE,Dogecoin,2016-11-26,0.000221,0.000222,0.000216,0.000219
DOGE,Dogecoin,2016-11-27,0.000219,0.000222,0.000216,0.000217
DOGE,Dogecoin,2016-11-28,0.000217,0.000226,0.000216,0.000218
DOGE,Dogecoin,2016-11-29,0.000219,0.000219,0.000214,0.000217
DOGE,Dogecoin,2016-11-30,0.000216,0.000217,0.000213,0.000214
DOGE,Dogecoin,2016-12-01,0.000215,0.000219,0.000213,0.000214
DOGE,Dogecoin,2016-12-02,0.000214,0.000221,0.000212,0.000216
DOGE,Dogecoin,2016-12-03,0.000216,0.000218,0.000214,0.000217
DOGE,Dogecoin,2016-12-04,0.000215,0.000218,0.000213,0.000217
DOGE,Dogecoin,2016-12-05,0.000216,0.000217,0.000208,0.000215
DOGE,Dogecoin,2016-12-06,0.000215,0.000215,0.000208,0.000212
DOGE,Dogecoin,2016-12-07,0.000212,0.000215,0.00021,0.000214
DOGE,Dogecoin,2016-12-08,0.000212,0.000216,0.000211,0.000215
DOGE,Dogecoin,2016-12-09,0.000215,0.000215,0.000211,0.000212
DOGE,Dogecoin,2016-12-10,0.000211,0.000217,0.00021,0.000215
DOGE,Dogecoin,2016-12-11,0.000214,0.000224,0.000213,0.000223
DOGE,Dogecoin,2016-12-12,0.000224,0.000226,0.000218,0.000222
DOGE,Dogecoin,2016-12-13,0.00022,0.000223,0.000215,0.000216
DOGE,Dogecoin,2016-12-14,0.000215,0.00022,0.000214,0.000217
DOGE,Dogecoin,2016-12-15,0.000215,0.00022,0.000214,0.000215
DOGE,Dogecoin,2016-12-16,0.000215,0.000218,0.000213,0.000217
DOGE,Dogecoin,2016-12-17,0.000217,0.00022,0.000212,0.000219
DOGE,Dogecoin,2016-12-18,0.000219,0.00022,0.000215,0.000218
DOGE,Dogecoin,2016-12-19,0.000216,0.000222,0.000216,0.000218
DOGE,Dogecoin,2016-12-20,0.000219,0.00022,0.000216,0.000219
DOGE,Dogecoin,2016-12-21,0.00022,0.000228,0.000218,0.000227
DOGE,Dogecoin,2016-12-22,0.000228,0.00023,0.000222,0.000225
DOGE,Dogecoin,2016-12-23,0.000225,0.000237,0.000222,0.000236
DOGE,Dogecoin,2016-12-24,0.000238,0.000252,0.000232,0.000234
DOGE,Dogecoin,2016-12-25,0.000234,0.000236,0.000225,0.00023
DOGE,Dogecoin,2016-12-26,0.000231,0.000234,0.000229,0.000233
DOGE,Dogecoin,2016-12-27,0.000232,0.000235,0.000223,0.000227
DOGE,Dogecoin,2016-12-28,0.000227,0.000231,0.00022,0.000223
DOGE,Dogecoin,2016-12-29,0.000223,0.000235,0.000221,0.000228
DOGE,Dogecoin,2016-12-30,0.000234,0.000234,0.000222,0.000228
DOGE,Dogecoin,2016-12-31,0.000227,0.000228,0.000223,0.000223
DOGE,Dogecoin,2017-01-01,0.000223,0.000228,0.000221,0.000228
DOGE,Dogecoin,2017-01-02,0.000228,0.00023,0.000222,0.000226
DOGE,Dogecoin,2017-01-03,0.000224,0.000228,0.000222,0.000227
DOGE,Dogecoin,2017-01-04,0.000227,0.000239,0.000225,0.000236
DOGE,Dogecoin,2017-01-05,0.000233,0.000257,0.000221,0.000229
DOGE,Dogecoin,2017-01-06,0.000228,0.000235,0.000218,0.00022
DOGE,Dogecoin,2017-01-07,0.000222,0.000228,0.000216,0.000221
DOGE,Dogecoin,2017-01-08,0.000224,0.00023,0.000219,0.000221
DOGE,Dogecoin,2017-01-09,0.000221,0.00023,0.000216,0.000229
DOGE,Dogecoin,2017-01-10,0.000229,0.000231,0.00022,0.000226
DOGE,Dogecoin,2017-01-11,0.000225,0.000226,0.0002,0.000205
DOGE,Dogecoin,2017-01-12,0.000203,0.000212,0.000195,0.000208
DOGE,Dogecoin,2017-01-13,0.000208,0.000213,0.000202,0.000209
DOGE,Dogecoin,2017-01-14,0.000209,0.000212,0.000206,0.000209
DOGE,Dogecoin,2017-01-15,0.000207,0.00021,0.000202,0.000206
DOGE,Dogecoin,2017-01-16,0.000206,0.000212,0.000203,0.000207
DOGE,Dogecoin,2017-01-17,0.000207,0.000219,0.000202,0.000215
DOGE,Dogecoin,2017-01-18,0.000215,0.000216,0.000205,0.000208
DOGE,Dogecoin,2017-01-19,0.000206,0.000212,0.000206,0.000211
DOGE,Dogecoin,2017-01-20,0.000209,0.000212,0.000205,0.000209
DOGE,Dogecoin,2017-01-21,0.000206,0.000214,0.000204,0.000208
DOGE,Dogecoin,2017-01-22,0.000208,0.000211,0.000203,0.000207
DOGE,Dogecoin,2017-01-23,0.000205,0.000209,0.000203,0.000208
DOGE,Dogecoin,2017-01-24,0.000208,0.000209,0.0002,0.000202
DOGE,Dogecoin,2017-01-25,0.000203,0.000205,0.0002,0.000204
DOGE,Dogecoin,2017-01-26,0.000204,0.00021,0.000201,0.000208
DOGE,Dogecoin,2017-01-27,0.000208,0.00021,0.000204,0.000204
DOGE,Dogecoin,2017-01-28,0.000209,0.00021,0.000203,0.000209
DOGE,Dogecoin,2017-01-29,0.000209,0.000211,0.000204,0.000204
DOGE,Dogecoin,2017-01-30,0.000204,0.00021,0.000203,0.000208
DOGE,Dogecoin,2017-01-31,0.000208,0.000215,0.000203,0.000206
DOGE,Dogecoin,2017-02-01,0.000211,0.000214,0.000206,0.000209
DOGE,Dogecoin,2017-02-02,0.000212,0.000215,0.000207,0.000211
DOGE,Dogecoin,2017-02-03,0.000211,0.000214,0.000207,0.000213
DOGE,Dogecoin,2017-02-04,0.000213,0.000214,0.000206,0.000211
DOGE,Dogecoin,2017-02-05,0.000211,0.000214,0.000207,0.000211
DOGE,Dogecoin,2017-02-06,0.00021,0.000216,0.000208,0.000214
DOGE,Dogecoin,2017-02-07,0.000212,0.000214,0.000207,0.000208
DOGE,Dogecoin,2017-02-08,0.000212,0.000217,0.000207,0.000211
DOGE,Dogecoin,2017-02-09,0.000208,0.000216,0.000201,0.000204
DOGE,Dogecoin,2017-02-10,0.000204,0.000209,0.000201,0.000208
DOGE,Dogecoin,2017-02-11,0.000208,0.000215,0.000203,0.00021
DOGE,Dogecoin,2017-02-12,0.00021,0.000211,0.000205,0.000208
DOGE,Dogecoin,2017-02-13,0.00021,0.000211,0.000204,0.000208
DOGE,Dogecoin,2017-02-14,0.000208,0.000213,0.000205,0.000209
DOGE,Dogecoin,2017-02-15,0.000208,0.000212,0.000203,0.000209
DOGE,Dogecoin,2017-02-16,0.000209,0.000212,0.000202,0.000207
DOGE,Dogecoin,2017-02-17,0.000207,0.000213,0.000202,0.000209
DOGE,Dogecoin,2017-02-18,0.000209,0.00021,0.000196,0.000197
DOGE,Dogecoin,2017-02-19,0.000197,0.00021,0.000196,0.000208
DOGE,Dogecoin,2017-02-20,0.000208,0.000209,0.000204,0.000207
DOGE,Dogecoin,2017-02-21,0.00021,0.000211,0.000202,0.000208
DOGE,Dogecoin,2017-02-22,0.000208,0.00021,0.000197,0.000202
DOGE,Dogecoin,2017-02-23,0.000202,0.000208,0.000198,0.000208
DOGE,Dogecoin,2017-02-24,0.000208,0.000211,0.000202,0.000208
DOGE,Dogecoin,2017-02-25,0.000204,0.000209,0.0002,0.0002
DOGE,Dogecoin,2017-02-26,0.0002,0.000208,0.000199,0.000203
DOGE,Dogecoin,2017-02-27,0.000206,0.000209,0.000202,0.000208
DOGE,Dogecoin,2017-02-28,0.000204,0.00021,0.000199,0.000205
DOGE,Dogecoin,2017-03-01,0.000206,0.000209,0.000201,0.000203
DOGE,Dogecoin,2017-03-02,0.000205,0.00021,0.000202,0.000206
DOGE,Dogecoin,2017-03-03,0.000205,0.000213,0.000202,0.000211
DOGE,Dogecoin,2017-03-04,0.000211,0.000217,0.000195,0.000205
DOGE,Dogecoin,2017-03-05,0.000204,0.000211,0.000202,0.000206
DOGE,Dogecoin,2017-03-06,0.00021,0.000213,0.000205,0.00021
DOGE,Dogecoin,2017-03-07,0.000206,0.000215,0.000205,0.000209
DOGE,Dogecoin,2017-03-08,0.000209,0.000212,0.0002,0.000208
DOGE,Dogecoin,2017-03-09,0.000207,0.000212,0.000202,0.000211
DOGE,Dogecoin,2017-03-10,0.000211,0.000218,0.000198,0.000204
DOGE,Dogecoin,2017-03-11,0.000205,0.000213,0.0002,0.000211
DOGE,Dogecoin,2017-03-12,0.000212,0.000229,0.000207,0.000229
DOGE,Dogecoin,2017-03-13,0.000227,0.000261,0.000223,0.000247
DOGE,Dogecoin,2017-03-14,0.000241,0.000247,0.000236,0.000238
DOGE,Dogecoin,2017-03-15,0.000238,0.000245,0.000231,0.000243
DOGE,Dogecoin,2017-03-16,0.000241,0.000244,0.000228,0.000235
DOGE,Dogecoin,2017-03-17,0.000235,0.000235,0.000218,0.000223
DOGE,Dogecoin,2017-03-18,0.000223,0.000228,0.000207,0.000219
DOGE,Dogecoin,2017-03-19,0.000219,0.00024,0.000215,0.000235
DOGE,Dogecoin,2017-03-20,0.000235,0.000239,0.000226,0.000236
DOGE,Dogecoin,2017-03-21,0.000227,0.000248,0.000227,0.000246
DOGE,Dogecoin,2017-03-22,0.000245,0.000247,0.000235,0.000243
DOGE,Dogecoin,2017-03-23,0.000239,0.000245,0.000235,0.000242
DOGE,Dogecoin,2017-03-24,0.000242,0.000305,0.000235,0.000264
DOGE,Dogecoin,2017-03-25,0.000264,0.000298,0.00025,0.000298
DOGE,Dogecoin,2017-03-26,0.000298,0.000309,0.000271,0.000272
DOGE,Dogecoin,2017-03-27,0.000278,0.000283,0.000238,0.000254
DOGE,Dogecoin,2017-03-28,0.000247,0.000286,0.000245,0.000273
DOGE,Dogecoin,2017-03-29,0.000279,0.000281,0.000264,0.000272
DOGE,Dogecoin,2017-03-30,0.000278,0.000329,0.000265,0.000304
DOGE,Dogecoin,2017-03-31,0.000304,0.00036,0.000299,0.000328
DOGE,Dogecoin,2017-04-01,0.000333,0.000349,0.000317,0.000335
DOGE,Dogecoin,2017-04-02,0.000336,0.000527,0.000328,0.000489
DOGE,Dogecoin,2017-04-03,0.00049,0.000633,0.000405,0.000427
DOGE,Dogecoin,2017-04-04,0.000432,0.00049,0.000409,0.000432
DOGE,Dogecoin,2017-04-05,0.000438,0.000445,0.000422,0.000442
DOGE,Dogecoin,2017-04-06,0.000437,0.000487,0.000436,0.00045
DOGE,Dogecoin,2017-04-07,0.000456,0.000458,0.000387,0.000398
DOGE,Dogecoin,2017-04-08,0.000398,0.000433,0.000398,0.000432
DOGE,Dogecoin,2017-04-09,0.00043,0.000431,0.000374,0.000381
DOGE,Dogecoin,2017-04-10,0.000381,0.0004,0.000368,0.0004
DOGE,Dogecoin,2017-04-11,0.000396,0.0004,0.000381,0.00039
DOGE,Dogecoin,2017-04-12,0.000388,0.000415,0.000387,0.000414
DOGE,Dogecoin,2017-04-13,0.000415,0.000438,0.000406,0.000425
DOGE,Dogecoin,2017-04-14,0.000431,0.000455,0.000421,0.000426
DOGE,Dogecoin,2017-04-15,0.000425,0.000434,0.000412,0.000418
DOGE,Dogecoin,2017-04-16,0.000417,0.000462,0.000416,0.000454
DOGE,Dogecoin,2017-04-17,0.000453,0.00048,0.000447,0.000459
DOGE,Dogecoin,2017-04-18,0.000466,0.000467,0.000436,0.000459
DOGE,Dogecoin,2017-04-19,0.000456,0.00046,0.000442,0.000448
DOGE,Dogecoin,2017-04-20,0.000448,0.000483,0.000438,0.000443
DOGE,Dogecoin,2017-04-21,0.00044,0.000457,0.000438,0.000451
DOGE,Dogecoin,2017-04-22,0.000456,0.00047,0.000441,0.000464
DOGE,Dogecoin,2017-04-23,0.000468,0.00054,0.000463,0.000522
DOGE,Dogecoin,2017-04-24,0.000526,0.00053,0.000498,0.000515
DOGE,Dogecoin,2017-04-25,0.000511,0.000546,0.000511,0.000527
DOGE,Dogecoin,2017-04-26,0.000534,0.000552,0.000527,0.000544
DOGE,Dogecoin,2017-04-27,0.000549,0.000672,0.000545,0.000632
DOGE,Dogecoin,2017-04-28,0.000625,0.000705,0.000617,0.000678
DOGE,Dogecoin,2017-04-29,0.000679,0.000771,0.000679,0.000734
DOGE,Dogecoin,2017-04-30,0.000736,0.000771,0.000727,0.000746
DOGE,Dogecoin,2017-05-01,0.000746,0.000765,0.000638,0.000686
DOGE,Dogecoin,2017-05-02,0.000689,0.000696,0.000573,0.00061
DOGE,Dogecoin,2017-05-03,0.000611,0.000695,0.000591,0.000678
DOGE,Dogecoin,2017-05-04,0.000686,0.000763,0.000675,0.000744
DOGE,Dogecoin,2017-05-05,0.000738,0.000932,0.000736,0.00084
DOGE,Dogecoin,2017-05-06,0.000837,0.001169,0.000809,0.001169
DOGE,Dogecoin,2017-05-07,0.001176,0.00143,0.001157,0.001305
DOGE,Dogecoin,2017-05-08,0.001335,0.001523,0.001249,0.001521
DOGE,Dogecoin,2017-05-09,0.001531,0.001531,0.001107,0.001239
DOGE,Dogecoin,2017-05-10,0.001253,0.001382,0.0012,0.001239
DOGE,Dogecoin,2017-05-11,0.001236,0.001251,0.001124,0.001212
DOGE,Dogecoin,2017-05-12,0.001215,0.001263,0.001182,0.001183
DOGE,Dogecoin,2017-05-13,0.001188,0.001212,0.001123,0.001184
DOGE,Dogecoin,2017-05-14,0.001198,0.001274,0.001188,0.001274
DOGE,Dogecoin,2017-05-15,0.001275,0.001277,0.001098,0.001128
DOGE,Dogecoin,2017-05-16,0.001123,0.001125,0.000995,0.001059
DOGE,Dogecoin,2017-05-17,0.001068,0.001396,0.001068,0.001318
DOGE,Dogecoin,2017-05-18,0.001318,0.001647,0.00129,0.001508
DOGE,Dogecoin,2017-05-19,0.001512,0.001594,0.001424,0.001518
DOGE,Dogecoin,2017-05-20,0.001511,0.001921,0.001478,0.0019
DOGE,Dogecoin,2017-05-21,0.00191,0.003062,0.00191,0.003062
DOGE,Dogecoin,2017-05-22,0.003095,0.003766,0.002487,0.003405
DOGE,Dogecoin,2017-05-23,0.003367,0.004031,0.003125,0.003562
DOGE,Dogecoin,2017-05-24,0.003543,0.004044,0.003524,0.003659
DOGE,Dogecoin,2017-05-25,0.003702,0.003712,0.002921,0.002994
DOGE,Dogecoin,2017-05-26,0.00295,0.003277,0.002302,0.002424
DOGE,Dogecoin,2017-05-27,0.002428,0.002571,0.0017,0.002541
DOGE,Dogecoin,2017-05-28,0.002583,0.002858,0.002304,0.002579
DOGE,Dogecoin,2017-05-29,0.00253,0.002843,0.002427,0.002732
DOGE,Dogecoin,2017-05-30,0.002734,0.002994,0.00257,0.002623
DOGE,Dogecoin,2017-05-31,0.002639,0.002739,0.002392,0.002657
DOGE,Dogecoin,2017-06-01,0.002665,0.002903,0.002655,0.002867
DOGE,Dogecoin,2017-06-02,0.002878,0.003101,0.002858,0.003026
DOGE,Dogecoin,2017-06-03,0.003022,0.003375,0.002814,0.003251
DOGE,Dogecoin,2017-06-04,0.003279,0.003496,0.003071,0.003179
DOGE,Dogecoin,2017-06-05,0.003191,0.003901,0.003169,0.003873
DOGE,Dogecoin,2017-06-06,0.003859,0.004036,0.003549,0.003741
DOGE,Dogecoin,2017-06-07,0.003764,0.003815,0.003302,0.003302
DOGE,Dogecoin,2017-06-08,0.003279,0.003591,0.003095,0.003574
DOGE,Dogecoin,2017-06-09,0.003576,0.003624,0.003418,0.003453
DOGE,Dogecoin,2017-06-10,0.00343,0.003483,0.003292,0.003313
DOGE,Dogecoin,2017-06-11,0.003307,0.003795,0.003276,0.003601
DOGE,Dogecoin,2017-06-12,0.003603,0.003603,0.003166,0.003253
DOGE,Dogecoin,2017-06-13,0.00325,0.003432,0.00325,0.003313
DOGE,Dogecoin,2017-06-14,0.003305,0.003379,0.003011,0.003092
DOGE,Dogecoin,2017-06-15,0.0031,0.00311,0.002764,0.003043
DOGE,Dogecoin,2017-06-16,0.003043,0.003207,0.002947,0.003163
DOGE,Dogecoin,2017-06-17,0.003135,0.003384,0.003135,0.003322
DOGE,Dogecoin,2017-06-18,0.003335,0.003336,0.003171,0.00323
DOGE,Dogecoin,2017-06-19,0.003219,0.003253,0.003141,0.003141
DOGE,Dogecoin,2017-06-20,0.003154,0.003287,0.003151,0.003218
DOGE,Dogecoin,2017-06-21,0.003219,0.003292,0.003095,0.003125
DOGE,Dogecoin,2017-06-22,0.003126,0.003141,0.003046,0.003104
DOGE,Dogecoin,2017-06-23,0.003101,0.003188,0.003044,0.003143
DOGE,Dogecoin,2017-06-24,0.003139,0.003294,0.003121,0.003135
DOGE,Dogecoin,2017-06-25,0.003129,0.003436,0.002873,0.002961
DOGE,Dogecoin,2017-06-26,0.002958,0.003041,0.002449,0.00275
DOGE,Dogecoin,2017-06-27,0.00275,0.002766,0.002245,0.002623
DOGE,Dogecoin,2017-06-28,0.002636,0.002822,0.002526,0.002793
DOGE,Dogecoin,2017-06-29,0.002787,0.002787,0.002599,0.002656
DOGE,Dogecoin,2017-06-30,0.002654,0.002681,0.002601,0.002602
DOGE,Dogecoin,2017-07-01,0.002601,0.002893,0.002418,0.002645
DOGE,Dogecoin,2017-07-02,0.002638,0.002645,0.002253,0.002481
DOGE,Dogecoin,2017-07-03,0.002467,0.002601,0.002395,0.002533
DOGE,Dogecoin,2017-07-04,0.002527,0.002612,0.00251,0.002518
DOGE,Dogecoin,2017-07-05,0.002504,0.002829,0.002423,0.002714
DOGE,Dogecoin,2017-07-06,0.002711,0.00282,0.002601,0.002636
DOGE,Dogecoin,2017-07-07,0.002629,0.002629,0.002388,0.002397
DOGE,Dogecoin,2017-07-08,0.002386,0.002461,0.002202,0.00244
DOGE,Dogecoin,2017-07-09,0.002442,0.002492,0.002326,0.00233
DOGE,Dogecoin,2017-07-10,0.002338,0.002373,0.001865,0.001952
DOGE,Dogecoin,2017-07-11,0.001956,0.002036,0.001768,0.001779
DOGE,Dogecoin,2017-07-12,0.001759,0.001938,0.001674,0.001938
DOGE,Dogecoin,2017-07-13,0.001958,0.002056,0.00178,0.001823
DOGE,Dogecoin,2017-07-14,0.001826,0.001851,0.001632,0.001681
DOGE,Dogecoin,2017-07-15,0.001675,0.001675,0.001477,0.001484
DOGE,Dogecoin,2017-07-16,0.001484,0.001524,0.00128,0.001307
DOGE,Dogecoin,2017-07-17,0.001303,0.001554,0.001303,0.00152
DOGE,Dogecoin,2017-07-18,0.001523,0.001888,0.001467,0.001864
DOGE,Dogecoin,2017-07-19,0.00187,0.001935,0.001687,0.001689
DOGE,Dogecoin,2017-07-20,0.001694,0.00201,0.001694,0.001935
DOGE,Dogecoin,2017-07-21,0.001954,0.002023,0.001898,0.001936
DOGE,Dogecoin,2017-07-22,0.001936,0.002102,0.001921,0.002095
DOGE,Dogecoin,2017-07-23,0.002097,0.002193,0.001889,0.001972
DOGE,Dogecoin,2017-07-24,0.001973,0.00201,0.001912,0.00198
DOGE,Dogecoin,2017-07-25,0.001997,0.002002,0.001703,0.001773
DOGE,Dogecoin,2017-07-26,0.001772,0.001814,0.001659,0.00181
DOGE,Dogecoin,2017-07-27,0.00181,0.001872,0.001778,0.001856
DOGE,Dogecoin,2017-07-28,0.001855,0.001871,0.001751,0.001782
DOGE,Dogecoin,2017-07-29,0.001772,0.001774,0.001662,0.001768
DOGE,Dogecoin,2017-07-30,0.001771,0.001773,0.001691,0.001719
DOGE,Dogecoin,2017-07-31,0.001713,0.001728,0.001632,0.001718
DOGE,Dogecoin,2017-08-01,0.001719,0.001803,0.001642,0.001792
DOGE,Dogecoin,2017-08-02,0.00179,0.001823,0.001746,0.001788
DOGE,Dogecoin,2017-08-03,0.001785,0.001807,0.001759,0.001795
DOGE,Dogecoin,2017-08-04,0.001794,0.001847,0.001784,0.00182
DOGE,Dogecoin,2017-08-05,0.001817,0.002087,0.001804,0.002087
DOGE,Dogecoin,2017-08-06,0.002086,0.00214,0.001901,0.001909
DOGE,Dogecoin,2017-08-07,0.001919,0.001974,0.001882,0.001949
DOGE,Dogecoin,2017-08-08,0.00195,0.001987,0.001929,0.001961
DOGE,Dogecoin,2017-08-09,0.001961,0.001974,0.001895,0.001937
DOGE,Dogecoin,2017-08-10,0.001939,0.001945,0.001891,0.001896
DOGE,Dogecoin,2017-08-11,0.001897,0.001897,0.001817,0.00188
DOGE,Dogecoin,2017-08-12,0.001877,0.001992,0.001828,0.001856
DOGE,Dogecoin,2017-08-13,0.001853,0.001874,0.001731,0.001807
DOGE,Dogecoin,2017-08-14,0.001807,0.00183,0.001711,0.001762
DOGE,Dogecoin,2017-08-15,0.001758,0.001827,0.001656,0.001738
DOGE,Dogecoin,2017-08-16,0.001732,0.001798,0.0017,0.001774
DOGE,Dogecoin,2017-08-17,0.001781,0.001799,0.001575,0.00171
DOGE,Dogecoin,2017-08-18,0.001711,0.001759,0.001654,0.001678
DOGE,Dogecoin,2017-08-19,0.001681,0.001709,0.001647,0.001678
DOGE,Dogecoin,2017-08-20,0.00167,0.001726,0.001636,0.001707
DOGE,Dogecoin,2017-08-21,0.001693,0.001712,0.001644,0.001712
DOGE,Dogecoin,2017-08-22,0.001713,0.001731,0.001616,0.001716
DOGE,Dogecoin,2017-08-23,0.001715,0.00179,0.0017,0.001732
DOGE,Dogecoin,2017-08-24,0.001731,0.001845,0.001722,0.001816
DOGE,Dogecoin,2017-08-25,0.001808,0.00183,0.001762,0.00179
DOGE,Dogecoin,2017-08-26,0.001787,0.001797,0.001735,0.001778
DOGE,Dogecoin,2017-08-27,0.001779,0.001784,0.001745,0.001759
DOGE,Dogecoin,2017-08-28,0.001764,0.001825,0.001751,0.001825
DOGE,Dogecoin,2017-08-29,0.001822,0.001924,0.001795,0.001867
DOGE,Dogecoin,2017-08-30,0.001862,0.002151,0.001817,0.002105
DOGE,Dogecoin,2017-08-31,0.002103,0.00215,0.002017,0.002064
DOGE,Dogecoin,2017-09-01,0.002064,0.002543,0.002049,0.002543
DOGE,Dogecoin,2017-09-02,0.002557,0.002701,0.002133,0.002226
DOGE,Dogecoin,2017-09-03,0.002263,0.002326,0.00209,0.002153
DOGE,Dogecoin,2017-09-04,0.002169,0.002169,0.001721,0.001786
DOGE,Dogecoin,2017-09-05,0.0018,0.001943,0.00154,0.001908
DOGE,Dogecoin,2017-09-06,0.001912,0.002042,0.001865,0.002019
DOGE,Dogecoin,2017-09-07,0.002016,0.002016,0.00192,0.001927
DOGE,Dogecoin,2017-09-08,0.00193,0.001956,0.001533,0.001596
DOGE,Dogecoin,2017-09-09,0.001586,0.001645,0.001534,0.001568
DOGE,Dogecoin,2017-09-10,0.001573,0.001581,0.001254,0.001395
DOGE,Dogecoin,2017-09-11,0.001397,0.001505,0.001387,0.001463
DOGE,Dogecoin,2017-09-12,0.001465,0.001578,0.001435,0.00144
DOGE,Dogecoin,2017-09-13,0.001442,0.001442,0.001333,0.001398
DOGE,Dogecoin,2017-09-14,0.001384,0.001397,0.000854,0.000854
DOGE,Dogecoin,2017-09-15,0.000852,0.00095,0.000626,0.000865
DOGE,Dogecoin,2017-09-16,0.000848,0.000921,0.000774,0.000867
DOGE,Dogecoin,2017-09-17,0.000867,0.000868,0.000767,0.000853
DOGE,Dogecoin,2017-09-18,0.000853,0.00096,0.000837,0.000947
DOGE,Dogecoin,2017-09-19,0.00094,0.000964,0.000852,0.00089
DOGE,Dogecoin,2017-09-20,0.000881,0.000888,0.000828,0.000862
DOGE,Dogecoin,2017-09-21,0.00085,0.000864,0.000736,0.000755
DOGE,Dogecoin,2017-09-22,0.000762,0.000783,0.000712,0.000772
DOGE,Dogecoin,2017-09-23,0.000771,0.000974,0.00076,0.000954
DOGE,Dogecoin,2017-09-24,0.00094,0.000983,0.000878,0.000892
DOGE,Dogecoin,2017-09-25,0.00089,0.001182,0.000889,0.001141
DOGE,Dogecoin,2017-09-26,0.001141,0.001194,0.001067,0.001151
DOGE,Dogecoin,2017-09-27,0.001132,0.00119,0.001113,0.001173
DOGE,Dogecoin,2017-09-28,0.001142,0.001172,0.001077,0.00108
DOGE,Dogecoin,2017-09-29,0.001105,0.001129,0.001001,0.001082
DOGE,Dogecoin,2017-09-30,0.001091,0.001169,0.001076,0.001145
DOGE,Dogecoin,2017-10-01,0.001142,0.001152,0.00105,0.001084
DOGE,Dogecoin,2017-10-02,0.001075,0.001133,0.001055,0.001085
DOGE,Dogecoin,2017-10-03,0.001085,0.001115,0.001004,0.001108
DOGE,Dogecoin,2017-10-04,0.001121,0.001121,0.000938,0.001024
DOGE,Dogecoin,2017-10-05,0.001016,0.001075,0.000979,0.001001
DOGE,Dogecoin,2017-10-06,0.001003,0.001085,0.000995,0.001056
DOGE,Dogecoin,2017-10-07,0.001079,0.001129,0.001021,0.001066
DOGE,Dogecoin,2017-10-08,0.001072,0.001136,0.001029,0.001056
DOGE,Dogecoin,2017-10-09,0.001056,0.001066,0.000963,0.000991
DOGE,Dogecoin,2017-10-10,0.00098,0.001047,0.000952,0.001036
DOGE,Dogecoin,2017-10-11,0.001035,0.00108,0.000996,0.001046
DOGE,Dogecoin,2017-10-12,0.001057,0.001096,0.001031,0.001062
DOGE,Dogecoin,2017-10-13,0.001064,0.001085,0.000976,0.001066
DOGE,Dogecoin,2017-10-14,0.001047,0.001115,0.001026,0.00111
DOGE,Dogecoin,2017-10-15,0.001097,0.001165,0.001045,0.001106
DOGE,Dogecoin,2017-10-16,0.001107,0.001254,0.001056,0.001164
DOGE,Dogecoin,2017-10-17,0.001161,0.00119,0.001063,0.001067
DOGE,Dogecoin,2017-10-18,0.001066,0.001079,0.000975,0.001047
DOGE,Dogecoin,2017-10-19,0.001056,0.001095,0.001045,0.001064
DOGE,Dogecoin,2017-10-20,0.001071,0.001098,0.001035,0.00105
DOGE,Dogecoin,2017-10-21,0.001048,0.001068,0.000959,0.001007
DOGE,Dogecoin,2017-10-22,0.001008,0.001077,0.000976,0.001023
DOGE,Dogecoin,2017-10-23,0.001022,0.001053,0.000959,0.001016
DOGE,Dogecoin,2017-10-24,0.001013,0.001139,0.000965,0.001092
DOGE,Dogecoin,2017-10-25,0.0011,0.0011,0.001009,0.001056
DOGE,Dogecoin,2017-10-26,0.001055,0.00109,0.001017,0.001051
DOGE,Dogecoin,2017-10-27,0.001052,0.001087,0.001024,0.001052
DOGE,Dogecoin,2017-10-28,0.00104,0.00116,0.000992,0.001037
DOGE,Dogecoin,2017-10-29,0.001037,0.001237,0.000993,0.001173
DOGE,Dogecoin,2017-10-30,0.001224,0.001228,0.001103,0.001151
DOGE,Dogecoin,2017-10-31,0.001143,0.001196,0.001106,0.001124
DOGE,Dogecoin,2017-11-01,0.001143,0.001175,0.00109,0.001138
DOGE,Dogecoin,2017-11-02,0.001109,0.001185,0.00105,0.001151
DOGE,Dogecoin,2017-11-03,0.001157,0.001215,0.001107,0.001121
DOGE,Dogecoin,2017-11-04,0.001143,0.001242,0.001098,0.001189
DOGE,Dogecoin,2017-11-05,0.001168,0.001236,0.001142,0.001182
DOGE,Dogecoin,2017-11-06,0.001171,0.001243,0.001145,0.001154
DOGE,Dogecoin,2017-11-07,0.001157,0.001214,0.00115,0.001177
DOGE,Dogecoin,2017-11-08,0.001175,0.00126,0.001148,0.001222
DOGE,Dogecoin,2017-11-09,0.001207,0.001415,0.001181,0.001415
DOGE,Dogecoin,2017-11-10,0.001421,0.001431,0.001125,0.001163
DOGE,Dogecoin,2017-11-11,0.001146,0.001257,0.001141,0.001201
DOGE,Dogecoin,2017-11-12,0.001189,0.00121,0.001002,0.001038
DOGE,Dogecoin,2017-11-13,0.001046,0.001212,0.001019,0.001211
DOGE,Dogecoin,2017-11-14,0.001201,0.001239,0.001131,0.001184
DOGE,Dogecoin,2017-11-15,0.001189,0.001351,0.001179,0.001339
DOGE,Dogecoin,2017-11-16,0.001348,0.001424,0.001286,0.00139
DOGE,Dogecoin,2017-11-17,0.001381,0.001394,0.001274,0.001313
DOGE,Dogecoin,2017-11-18,0.001308,0.001385,0.001254,0.001373
DOGE,Dogecoin,2017-11-19,0.001355,0.001421,0.00134,0.001376
DOGE,Dogecoin,2017-11-20,0.001374,0.001428,0.001348,0.001394
DOGE,Dogecoin,2017-11-21,0.00141,0.001446,0.001302,0.001389
DOGE,Dogecoin,2017-11-22,0.001401,0.002053,0.001373,0.001823
DOGE,Dogecoin,2017-11-23,0.001819,0.002246,0.001819,0.001891
DOGE,Dogecoin,2017-11-24,0.00194,0.001978,0.001788,0.001908
DOGE,Dogecoin,2017-11-25,0.001923,0.002072,0.001877,0.002072
DOGE,Dogecoin,2017-11-26,0.002073,0.002132,0.00188,0.002026
DOGE,Dogecoin,2017-11-27,0.001999,0.002036,0.001891,0.001988
DOGE,Dogecoin,2017-11-28,0.001991,0.002363,0.001949,0.002363
DOGE,Dogecoin,2017-11-29,0.002333,0.002581,0.001993,0.00208
DOGE,Dogecoin,2017-11-30,0.002048,0.002271,0.00189,0.002079
DOGE,Dogecoin,2017-12-01,0.002051,0.002237,0.001971,0.002148
DOGE,Dogecoin,2017-12-02,0.002122,0.002212,0.002017,0.002149
DOGE,Dogecoin,2017-12-03,0.002092,0.00234,0.002071,0.002223
DOGE,Dogecoin,2017-12-04,0.002206,0.002475,0.002178,0.002463
DOGE,Dogecoin,2017-12-05,0.002474,0.002676,0.002426,0.002479
DOGE,Dogecoin,2017-12-06,0.002495,0.002663,0.00244,0.002663
DOGE,Dogecoin,2017-12-07,0.002581,0.002858,0.002515,0.00272
DOGE,Dogecoin,2017-12-08,0.00273,0.002846,0.002326,0.002779
DOGE,Dogecoin,2017-12-09,0.002772,0.002846,0.002425,0.002617
DOGE,Dogecoin,2017-12-10,0.002607,0.002742,0.002307,0.002547
DOGE,Dogecoin,2017-12-11,0.002563,0.002894,0.002534,0.002798
DOGE,Dogecoin,2017-12-12,0.002794,0.003381,0.002665,0.003304
DOGE,Dogecoin,2017-12-13,0.003306,0.003884,0.003218,0.003461
DOGE,Dogecoin,2017-12-14,0.003449,0.003718,0.003419,0.003709
DOGE,Dogecoin,2017-12-15,0.00367,0.003809,0.003483,0.003762
DOGE,Dogecoin,2017-12-16,0.003767,0.006251,0.003638,0.005933
DOGE,Dogecoin,2017-12-17,0.005917,0.007628,0.005586,0.005984
DOGE,Dogecoin,2017-12-18,0.005938,0.006809,0.005622,0.006433
DOGE,Dogecoin,2017-12-19,0.006402,0.006693,0.005476,0.005666
DOGE,Dogecoin,2017-12-20,0.005619,0.007067,0.004892,0.006661
DOGE,Dogecoin,2017-12-21,0.006733,0.008768,0.006583,0.007425
DOGE,Dogecoin,2017-12-22,0.007386,0.007625,0.004742,0.006054
DOGE,Dogecoin,2017-12-23,0.006135,0.008076,0.00611,0.007259
DOGE,Dogecoin,2017-12-24,0.007282,0.008948,0.005974,0.008582
DOGE,Dogecoin,2017-12-25,0.008649,0.010729,0.008582,0.008931
DOGE,Dogecoin,2017-12-26,0.008935,0.009623,0.008173,0.009411
DOGE,Dogecoin,2017-12-27,0.009342,0.009609,0.008514,0.008872
DOGE,Dogecoin,2017-12-28,0.008856,0.008856,0.007717,0.008486
DOGE,Dogecoin,2017-12-29,0.008513,0.009477,0.008155,0.009391
DOGE,Dogecoin,2017-12-30,0.009365,0.009446,0.007388,0.00786
DOGE,Dogecoin,2017-12-31,0.007803,0.009274,0.007669,0.008972
DOGE,Dogecoin,2018-01-01,0.009031,0.009063,0.008101,0.008909
DOGE,Dogecoin,2018-01-02,0.008873,0.009598,0.008551,0.009145
DOGE,Dogecoin,2018-01-03,0.009088,0.009584,0.008882,0.00932
DOGE,Dogecoin,2018-01-04,0.009346,0.010036,0.008768,0.009644
DOGE,Dogecoin,2018-01-05,0.00966,0.012283,0.009589,0.012167
DOGE,Dogecoin,2018-01-06,0.012226,0.015788,0.012226,0.014863
DOGE,Dogecoin,2018-01-07,0.014673,0.018773,0.014577,0.017088
DOGE,Dogecoin,2018-01-08,0.017115,0.017664,0.013765,0.015045
DOGE,Dogecoin,2018-01-09,0.015071,0.015569,0.013015,0.01342
DOGE,Dogecoin,2018-01-10,0.013554,0.01356,0.011485,0.013102
DOGE,Dogecoin,2018-01-11,0.01302,0.013153,0.010987,0.011469
DOGE,Dogecoin,2018-01-12,0.011479,0.013339,0.011165,0.013056
DOGE,Dogecoin,2018-01-13,0.013057,0.013653,0.012478,0.013023
DOGE,Dogecoin,2018-01-14,0.013057,0.013187,0.011344,0.011685
DOGE,Dogecoin,2018-01-15,0.011631,0.011779,0.009848,0.009857
DOGE,Dogecoin,2018-01-16,0.009863,0.009863,0.005672,0.006822
DOGE,Dogecoin,2018-01-17,0.006812,0.007741,0.005499,0.007648
DOGE,Dogecoin,2018-01-18,0.007641,0.008733,0.007195,0.007969
DOGE,Dogecoin,2018-01-19,0.007872,0.008435,0.007467,0.007871
DOGE,Dogecoin,2018-01-20,0.007957,0.008649,0.007957,0.008448
DOGE,Dogecoin,2018-01-21,0.008438,0.008438,0.006983,0.007131
DOGE,Dogecoin,2018-01-22,0.007199,0.007606,0.006318,0.006734
DOGE,Dogecoin,2018-01-23,0.006723,0.007049,0.006228,0.006673
DOGE,Dogecoin,2018-01-24,0.006642,0.007217,0.006472,0.007083
DOGE,Dogecoin,2018-01-25,0.007155,0.007763,0.007124,0.007667
DOGE,Dogecoin,2018-01-26,0.007702,0.007982,0.006795,0.007237
DOGE,Dogecoin,2018-01-27,0.00724,0.007545,0.007168,0.007373
DOGE,Dogecoin,2018-01-28,0.007409,0.007681,0.007337,0.007465
DOGE,Dogecoin,2018-01-29,0.007401,0.007522,0.006863,0.006967
DOGE,Dogecoin,2018-01-30,0.006969,0.006992,0.005942,0.006024
DOGE,Dogecoin,2018-01-31,0.006001,0.006219,0.005752,0.00601
DOGE,Dogecoin,2018-02-01,0.006021,0.00609,0.004791,0.005029
DOGE,Dogecoin,2018-02-02,0.005023,0.005023,0.00331,0.004475
DOGE,Dogecoin,2018-02-03,0.004501,0.005495,0.004159,0.005164
DOGE,Dogecoin,2018-02-04,0.005182,0.005317,0.004176,0.004399
DOGE,Dogecoin,2018-02-05,0.004397,0.00447,0.003376,0.003533
